behavioral_0,behavioral_1,proxy_0,proxy_1
0.27866666666666673,0.17950000000000002,0.011166666666666603,0.022666666666666675
0.18233333333333335,0.2840000000000002,0.03733333333333323,-0.011666666666666825
0.19891666666666677,0.2625833333333334,0.02841666666666659,0.0020833333333332704
0.023249999999999927,0.48525000000000024,-0.041750000000000065,0.025249999999999922
-0.19425000000000006,-0.2572500000000001,-0.039749999999999945,-0.01674999999999993
0.02550000000000006,-0.5406666666666671,-0.002666666666666595,0.009833333333333534
-0.17966666666666672,-0.09033333333333327,-0.1465,-0.09150000000000004
-0.1145,-0.21016666666666678,-0.06749999999999995,-0.11583333333333327
0.07325000000000012,-0.3434166666666668,-0.20791666666666678,-0.02991666666666659
0.05008333333333325,0.40075000000000016,0.028916666666666615,0.012249999999999983
0.17825000000000008,0.23141666666666666,0.055250000000000035,0.027083333333333237
-0.0581666666666668,0.1641666666666667,0.3841666666666669,0.0018333333333332424
0.5532500000000004,-0.17158333333333356,0.07124999999999988,0.0390833333333333
-0.08399999999999999,-0.35083333333333355,-0.04949999999999995,-0.023666666666666558
0.19083333333333344,0.2273333333333334,0.05399999999999993,0.01983333333333326
-0.06483333333333334,-0.41216666666666685,-0.011333333333333195,-0.019666666666666586
0.14808333333333332,0.22025000000000008,0.06641666666666662,0.05724999999999997
0.16633333333333336,0.2141666666666667,0.06666666666666664,0.04483333333333328
-0.16425000000000003,-0.29975000000000007,-0.02041666666666664,-0.023583333333333317
0.39250000000000024,0.040166666666666635,0.024333333333333207,0.03499999999999995
0.24041666666666672,0.21475000000000005,0.008583333333333276,0.028249999999999935
-0.5225833333333336,0.11825000000000016,-0.0589166666666667,-0.044749999999999845
0.19733333333333344,0.14716666666666664,0.10683333333333335,0.04066666666666657
0.2340000000000001,0.14749999999999996,0.06299999999999999,0.04749999999999993
-0.3381666666666669,-0.2051666666666667,0.04200000000000012,-0.006666666666666599
0.14016666666666672,0.28983333333333344,0.03383333333333327,0.028166666666666562
0.1866666666666667,0.2958333333333335,0.0063333333333332196,0.00316666666666654
0.2920000000000002,0.2575000000000001,-0.06416666666666683,0.0066666666666664876
-0.4059166666666669,-0.038749999999999896,-0.05541666666666667,-0.007916666666666572
0.12141666666666669,0.38891666666666685,-0.029750000000000117,0.011416666666666575
-0.057500000000000016,-0.4125000000000002,-0.0008333333333332416,-0.03716666666666657
-0.20641666666666672,-0.21158333333333348,-0.04674999999999989,-0.0432499999999999
0.2341666666666667,0.24183333333333348,0.033166666666666636,-0.017166666666666885
0.2710833333333334,0.10608333333333334,0.08308333333333334,0.03174999999999989
0.33900000000000013,0.19033333333333344,-0.013500000000000068,-0.023833333333333456
0.30000000000000004,0.08933333333333333,0.0665,0.036166666666666625
0.03958333333333322,0.5070833333333337,-0.04808333333333339,-0.0065833333333334965
0.14200000000000002,0.3006666666666668,0.048666666666666684,0.0006666666666664822
0.1906666666666668,0.22000000000000003,0.05799999999999991,0.023333333333333206
0.03541666666666659,0.4254166666666669,-0.008416666666666739,0.039583333333333234
-0.11233333333333327,-0.3768333333333336,0.04383333333333339,-0.06266666666666658
0.31441666666666684,0.10741666666666656,0.03674999999999998,0.03341666666666665
0.19258333333333327,0.17858333333333345,0.0670833333333333,0.053749999999999964
0.17875000000000005,0.27558333333333346,0.0035833333333332718,0.03408333333333323
-0.05908333333333324,-0.22308333333333347,-0.1885833333333334,-0.037249999999999894
-0.3300000000000002,-0.09233333333333327,-0.07283333333333329,-0.012833333333333252
-0.15491666666666665,-0.3157500000000002,-0.053416666666666675,0.01608333333333356
-0.33991666666666687,-0.13491666666666666,-0.029416666666666612,-0.003749999999999809
-0.36766666666666686,0.11350000000000016,-0.2245000000000001,-0.02933333333333321
-0.44091666666666696,0.18041666666666684,-0.024749999999999883,-0.22275000000000003
0.04474999999999987,0.3995833333333336,0.015749999999999875,0.03191666666666663
0.48233333333333356,-0.08100000000000013,0.05399999999999992,0.03666666666666668
-0.27308333333333346,-0.1307500000000001,-0.06458333333333324,-0.03958333333333319
-0.1290833333333334,-0.26158333333333345,-0.06324999999999988,-0.05408333333333332
-0.10258333333333332,-0.38791666666666685,-0.018583333333333313,0.001083333333333436
0.25058333333333344,0.21108333333333337,0.020416666666666625,0.009916666666666574
-0.04675000000000002,-0.4277500000000002,-0.047083333333333234,0.013583333333333503
-0.22133333333333344,0.19916666666666694,-0.2571666666666667,-0.22866666666666674
-0.18491666666666667,-0.2395833333333334,-0.04924999999999998,-0.03424999999999995
0.16024999999999995,0.34791666666666676,0.0015833333333333255,-0.017749999999999995
-0.1385,-0.3138333333333336,-0.023666666666666503,-0.03199999999999991
-0.2658333333333336,0.5578333333333337,0.04566666666666652,0.1543333333333333
0.21466666666666692,-0.5575000000000004,-0.03516666666666651,-0.12999999999999995
0.11058333333333327,0.3874166666666669,-0.011416666666666679,0.005416666666666514
0.34341666666666687,0.07874999999999996,0.06224999999999994,0.007583333333333275
0.3290833333333335,0.15858333333333346,0.06491666666666658,-0.060583333333333544
-0.1670833333333335,-0.24658333333333332,-0.06724999999999991,-0.027083333333333237
0.18925000000000003,0.24558333333333346,0.02074999999999988,0.03641666666666659
-0.011166666666666658,-0.4458333333333335,-0.03449999999999987,-0.01649999999999994
0.06858333333333354,-0.5974166666666672,0.002083333333333548,0.018750000000000072
0.25416666666666665,0.17583333333333345,0.048666666666666684,0.013333333333333197
-0.14483333333333342,-0.2673333333333334,-0.060333333333333246,-0.03549999999999992
-0.3401666666666668,-0.04499999999999987,-0.07233333333333339,-0.05049999999999991
-0.34750000000000025,-0.06016666666666656,-0.06849999999999995,-0.03183333333333327
-0.14675000000000007,-0.28025000000000005,-0.047583333333333304,-0.03341666666666654
-0.21291666666666673,-0.22875000000000004,-0.027916666666666645,-0.038416666666666606
-0.11333333333333331,-0.38333333333333347,0.0071666666666667656,-0.01849999999999996
-0.013250000000000206,0.4535833333333335,0.038916666666666655,0.01274999999999999
0.09308333333333334,0.3567500000000002,0.035249999999999906,0.006916666666666571
-0.019583333333333407,0.45575000000000027,0.04874999999999996,0.007083333333333219
-0.04174999999999996,-0.42808333333333354,-0.0034166666666666234,-0.034749999999999934
-0.2515000000000001,-0.2411666666666667,0.02733333333333343,-0.04266666666666665
-0.07991666666666687,0.4955833333333337,0.038749999999999944,0.03758333333333319
0.2117500000000001,0.19558333333333341,0.03174999999999989,0.05291666666666658
-0.42266666666666686,-0.03916666666666669,-0.017833333333333257,-0.028333333333333238
-0.049416666666666775,0.4270833333333336,0.07241666666666663,0.04191666666666657
0.3563333333333335,0.0956666666666666,0.023999999999999962,0.01599999999999996
0.14308333333333337,0.3005833333333335,0.014416666666666467,0.03391666666666665
0.3264166666666669,-0.040750000000000175,0.06874999999999991,0.13758333333333336
-0.14000000000000004,-0.2871666666666669,-0.05233333333333327,-0.028499999999999803
0.014499999999999921,0.4456666666666669,0.0033333333333332438,0.028499999999999973
0.015000000000000149,-0.5518333333333337,0.016666666666666725,0.012166666666666881
0.18133333333333332,0.23116666666666677,0.058999999999999934,0.020499999999999963
0.11158333333333331,0.34058333333333357,0.012249999999999872,0.02758333333333323
-0.14724999999999996,-0.3689166666666669,-0.011916666666666603,0.020083333333333453
0.1560833333333333,0.2742500000000001,0.0929166666666667,-0.03125000000000011
0.10049999999999996,0.3071666666666669,0.04266666666666663,0.04166666666666646
0.04466666666666654,0.42066666666666686,0.02733333333333334,-0.0006666666666667043
0.36566666666666686,0.12316666666666666,0.0366666666666666,-0.033500000000000085
0.18974999999999997,0.020916666666666528,0.06775000000000002,0.21358333333333343
-0.11041666666666673,-0.3400833333333335,-0.023416666666666475,-0.03408333333333328
0.0799166666666666,0.36558333333333354,0.03691666666666661,0.009583333333333277
0.15141666666666667,0.28775000000000006,0.028416666666666666,0.024416666666666642
-0.20616666666666666,-0.19516666666666668,-0.10966666666666677,0.0030000000000001137
-0.00841666666666685,0.40058333333333357,0.04791666666666662,0.05191666666666661
0.02466666666666677,-0.5360000000000004,-0.017166666666666497,0.020500000000000126
-0.34675000000000017,-0.16141666666666665,-0.020416666666666625,0.02058333333333351
0.1476666666666667,0.2683333333333335,0.05633333333333326,0.01966666666666661
-0.16233333333333336,-0.20866666666666672,-0.08000000000000003,-0.056999999999999884
-0.20108333333333334,-0.0565833333333333,-0.20308333333333345,-0.0472499999999999
-0.13866666666666666,-0.3561666666666669,-0.005166666666666542,-0.007999999999999896
-0.05849999999999991,-0.4223333333333336,-0.04366666666666667,0.01650000000000018
0.3320000000000002,0.10633333333333336,0.060833333333333295,-0.007166666666666877
-0.3981666666666669,0.01650000000000007,-0.06433333333333326,-0.06199999999999995
-0.02424999999999994,-0.38358333333333355,-0.05908333333333324,-0.041083333333333305
-0.10924999999999999,-0.23908333333333337,-0.2042500000000001,0.04458333333333342
0.04449999999999996,0.41300000000000026,0.06533333333333328,-0.03083333333333349
-0.12966666666666676,-0.27716666666666684,-0.05299999999999991,-0.04816666666666647
-0.33141666666666686,-0.11241666666666669,-0.020249999999999935,-0.04391666666666656
-0.06749999999999991,-0.35100000000000026,-0.06616666666666664,-0.023333333333333206
0.36291666666666694,0.05624999999999991,0.02241666666666653,0.05041666666666659
0.23041666666666671,0.17491666666666672,0.06624999999999996,0.020416666666666583
-0.14441666666666667,-0.32658333333333356,-0.015416666666666634,-0.021583333333333198
0.004999999999999893,0.39433333333333354,0.04166666666666666,0.05099999999999989
0.26950000000000013,0.1466666666666667,0.04866666666666663,0.02716666666666656
0.17066666666666672,0.2840000000000002,0.014166666666666605,0.023166666666666523
-0.0292500000000001,0.35675000000000023,0.16875000000000007,-0.004250000000000198
-0.35958333333333353,-0.20108333333333342,0.037416666666666806,0.015250000000000208
0.14950000000000002,0.21266666666666673,0.12250000000000007,0.007333333333333192
-0.30866666666666687,-0.10399999999999995,-0.05483333333333332,-0.04049999999999987
-0.0043333333333333,-0.46366666666666684,-0.02199999999999992,-0.017999999999999933
-0.17450000000000004,-0.31483333333333346,0.011833333333333473,-0.030499999999999965
0.07391666666666681,-0.5775833333333338,-0.016916666666666556,0.012583333333333502
-0.3292500000000002,-0.07608333333333335,-0.06624999999999995,-0.03641666666666654
-0.20166666666666666,-0.24766666666666678,-0.01799999999999985,-0.040666666666666684
-0.2009166666666667,-0.3679166666666669,0.033750000000000085,0.02708333333333346
-0.2808333333333335,-0.1821666666666668,-0.002666666666666595,-0.04233333333333316
-0.25250000000000006,-0.2181666666666668,-0.014499999999999846,-0.02283333333333331
-0.42216666666666697,0.1013333333333335,-0.10116666666666664,-0.08599999999999988
0.031166666666666825,-0.5616666666666671,0.0015000000000001679,0.0210000000000001
-0.046583333333333386,0.5127500000000002,0.008749999999999925,0.017083333333333263
-0.2010000000000001,-0.2521666666666668,-0.02666666666666656,-0.028166666666666527
0.09191666666666662,0.3400833333333336,0.019249999999999823,0.040749999999999884
0.042083333333333424,-0.5132500000000002,0.022916666666666696,-0.05974999999999995
-0.0642500000000001,0.4787500000000002,0.09558333333333337,-0.01808333333333345
0.13000000000000006,0.20966666666666678,0.07066666666666654,0.08166666666666661
-0.03891666666666663,-0.4324166666666668,-0.052416666666666605,0.015750000000000042
0.3175833333333335,0.03408333333333323,0.16408333333333336,-0.02375000000000005
0.24625000000000005,0.1850833333333334,0.04824999999999991,0.012416666666666631
-0.19125000000000011,-0.23291666666666674,-0.04841666666666662,-0.03541666666666654
-0.139,-0.40416666666666684,0.022500000000000117,0.012666666666666715
0.17908333333333346,0.2139166666666667,0.057249999999999926,0.041749999999999954
0.2253333333333334,0.16916666666666677,0.03949999999999987,0.05799999999999994
-0.15700000000000006,-0.05883333333333335,-0.0783333333333333,-0.21383333333333332
-0.19191666666666665,-0.2894166666666669,-0.016916666666666635,-0.00974999999999987
-0.29400000000000015,-0.08033333333333333,-0.06849999999999992,-0.0651666666666666
-0.4450000000000003,-0.07616666666666656,0.019166666666666762,-0.005999999999999894
-0.020749999999999883,-0.47075000000000033,0.005750000000000144,-0.022249999999999905
-0.013833333333333475,0.4188333333333336,0.06699999999999993,0.019999999999999952
0.10074999999999999,0.36975000000000025,-0.08841666666666692,0.10991666666666668
0.20866666666666672,0.11583333333333329,0.12116666666666664,0.04633333333333334
-0.16108333333333333,-0.27675000000000016,-0.048416666666666594,-0.02174999999999988
0.152,0.15800000000000006,0.17000000000000004,0.0119999999999999
-0.15,-0.3586666666666668,-0.017499999999999988,0.018166666666666775
-0.33766666666666684,-0.1491666666666667,0.0006666666666668153,-0.021833333333333288
0.36816666666666686,-0.11816666666666675,0.11033333333333323,0.13166666666666674
0.3041666666666668,0.1438333333333333,0.023333333333333255,0.02066666666666661
-0.18941666666666684,-0.2617500000000001,-0.018249999999999822,-0.03858333333333326
0.12175000000000002,0.2790833333333334,0.053749999999999964,0.0374166666666666
-0.25666666666666677,-0.17316666666666672,-0.06166666666666668,-0.016499999999999793
0.27283333333333354,0.13099999999999992,0.03116666666666662,0.05699999999999989
0.3760833333333335,0.09125000000000003,0.019249999999999892,0.005416666666666625
0.48900000000000027,0.000999999999999869,0.0038333333333332516,-0.001833333333333409
-0.12025000000000005,-0.29658333333333337,-0.04525000000000001,-0.045916666666666606
-0.18041666666666661,-0.23425000000000004,-0.056750000000000085,-0.0365833333333333
0.14575,0.3730833333333335,-0.0004166666666667318,-0.026416666666666748
-0.271,-0.1090000000000001,-0.07383333333333329,-0.054166666666666585
-0.09616666666666662,-0.2653333333333336,-0.10916666666666665,-0.03733333333333316
-0.2568333333333336,-0.018499999999999905,-0.17466666666666666,-0.057999999999999864
-0.21141666666666672,-0.21025000000000005,-0.055916666666666594,-0.030416666666666647
-0.2674166666666668,-0.2229166666666667,-0.006416666666666626,-0.0112499999999999
-0.2000833333333334,-0.06274999999999993,-0.23691666666666678,-0.008249999999999924
-0.02533333333333354,0.44333333333333363,0.05249999999999996,0.021499999999999922
-0.4053333333333336,0.04000000000000015,-0.07416666666666664,-0.06849999999999987
-0.09966666666666671,-0.19733333333333342,-0.13649999999999995,-0.0744999999999999
0.3198333333333334,0.10733333333333334,0.03833333333333333,0.026499999999999913
0.03141666666666676,-0.2269166666666667,-0.27075000000000016,-0.04174999999999989
-0.12991666666666668,-0.3877500000000002,-0.005749999999999811,0.015416666666666766
0.17733333333333337,0.2141666666666667,0.05833333333333325,0.042166666666666686
0.37325000000000025,0.04558333333333324,0.019583333333333175,0.05358333333333331
0.23316666666666672,0.147,0.04416666666666669,0.06766666666666661
-0.38866666666666694,-0.08233333333333331,-0.010666666666666547,-0.02633333333333322
0.13566666666666666,0.31966666666666677,0.054333333333333296,-0.01766666666666672
0.2809166666666668,0.21491666666666667,0.018583333333333264,-0.02241666666666675
-0.15166666666666656,-0.365166666666667,-0.010833333333333278,0.01966666666666672
0.5070000000000003,0.022166666666666522,0.009833333333333305,-0.04700000000000013
-0.04850000000000013,0.30450000000000016,0.21516666666666673,0.020833333333333204
0.2791666666666669,0.06416666666666657,0.10266666666666661,0.04599999999999993
-0.2765000000000001,-0.24633333333333346,0.006166666666666765,0.008666666666666753
0.13991666666666666,0.28025000000000005,0.061416666666666675,0.01041666666666663
0.011833333333333251,0.11233333333333326,0.1488333333333334,0.21900000000000008
0.05949999999999996,0.36016666666666686,0.038499999999999986,0.033833333333333215
0.3631666666666669,0.0571666666666666,0.03866666666666659,0.03299999999999992
0.06541666666666661,0.3820833333333335,0.010083333333333222,0.03441666666666667
-0.4055000000000002,-0.04699999999999998,-0.04549999999999996,-0.009999999999999898
-0.3362500000000001,-0.14441666666666678,-0.018083333333333215,-0.00924999999999987
0.05491666666666667,0.23975000000000005,0.12525,0.07208333333333329
-0.2982500000000001,-0.08941666666666669,-0.08024999999999992,-0.04008333333333325
0.43091666666666695,0.0019166666666664556,0.030583333333333268,0.028583333333333273
0.26575000000000015,-0.18991666666666696,0.1424166666666666,0.27375000000000016
-0.11249999999999998,-0.38533333333333347,-0.012833333333333351,0.002666666666666817
-0.02824999999999991,-0.4532500000000002,-0.01791666666666663,-0.008583333333333276
0.012666666666666826,-0.4400000000000002,-0.09950000000000002,0.018833333333333372
-0.11191666666666666,-0.3205833333333336,-0.054416666666666544,-0.021083333333333176
0.1659166666666668,0.16758333333333336,0.14191666666666664,0.016583333333333228
-0.2747500000000001,-0.29158333333333347,0.034416666666666755,0.023916666666666808
-0.23416666666666677,-0.1905000000000001,-0.07266666666666659,-0.010666666666666547
0.3375833333333335,0.19391666666666663,-0.008750000000000036,-0.03075
-0.14741666666666672,-0.3170833333333335,-0.03624999999999991,-0.007249999999999868
0.23641666666666675,0.17025,0.03374999999999995,0.051583333333333314
0.22925000000000018,0.14675000000000005,0.0609166666666666,0.05508333333333315
-0.19675000000000012,-0.09524999999999995,-0.06058333333333327,-0.15541666666666668
0.2740833333333334,0.13308333333333341,0.053749999999999916,0.031083333333333296
-0.13750000000000004,-0.3476666666666669,-0.019333333333333223,-0.0034999999999998366
0.12416666666666674,0.30400000000000016,0.03466666666666653,0.029166666666666563
-0.2625833333333334,-0.15641666666666668,-0.042749999999999955,-0.04624999999999999
0.28541666666666676,0.16958333333333336,0.009916666666666574,0.02708333333333328
0.1654166666666667,0.26291666666666674,0.03608333333333332,0.027583333333333238
-0.20050000000000012,-0.2100000000000001,-0.041499999999999926,-0.05599999999999987
0.2626666666666668,0.21483333333333335,-0.008333333333333415,0.02283333333333326
-0.27683333333333354,-0.19183333333333338,-0.0081666666666666,-0.031166666666666516
-0.2055833333333334,-0.2032500000000001,-0.05224999999999997,-0.04691666666666655
-0.17833333333333345,-0.22950000000000004,-0.059999999999999956,-0.04016666666666657
0.05841666666666666,0.39825000000000016,-0.014416666666666744,0.049749999999999954
0.18625,-0.012083333333333446,0.07541666666666669,0.24241666666666678
-0.08866666666666662,-0.41866666666666696,-0.001499999999999918,0.0008333333333335746
0.2205,0.27600000000000013,0.017166666666666594,-0.021666666666666723
-0.07674999999999993,-0.43191666666666695,-0.017083333333333266,0.017750000000000044
-0.14925000000000002,-0.3235833333333334,-0.022750000000000006,-0.012416666666666576
-0.06841666666666668,-0.4002500000000003,-0.0485833333333332,0.009250000000000203
0.29083333333333355,0.10699999999999997,0.08349999999999992,0.010666666666666547
0.44450000000000034,-0.1003333333333335,0.07616666666666656,0.07166666666666659
0.1255833333333334,0.4514166666666669,-0.04758333333333348,-0.037416666666666876
-0.10041666666666667,-0.21958333333333346,-0.026749999999999885,-0.16125000000000003
0.009833333333333472,-0.3166666666666668,-0.19400000000000014,-0.0071666666666665105
-0.3326666666666668,-0.128,-0.03766666666666662,-0.009666666666666601
-0.17625000000000007,-0.31641666666666673,-0.010416666666666638,-0.004916666666666569
0.30350000000000016,0.026499999999999968,0.06566666666666661,0.09633333333333326
-0.32133333333333347,-0.07766666666666669,-0.07166666666666659,-0.037333333333333274
-0.14475000000000002,-0.35658333333333353,-0.0007499999999998064,-0.0059166666666666265
0.40191666666666676,0.04258333333333335,0.016416666666666635,0.031083333333333265
-0.2020000000000001,-0.2420000000000002,-0.05666666666666655,-0.007333333333333192
-0.03274999999999989,-0.5214166666666671,0.019916666666666805,0.02625000000000014
0.3257500000000001,-0.05525000000000009,0.23258333333333345,-0.011083333333333445
0.16958333333333342,0.032583333333333186,0.17325000000000002,0.11658333333333334
-0.1768333333333334,-0.2500000000000001,-0.07466666666666658,-0.00649999999999995
-0.002166666666666539,-0.4988333333333336,0.012333333333333397,-0.019333333333333272
-0.0656666666666666,-0.3778333333333337,-0.04083333333333319,-0.023666666666666558
0.41091666666666693,0.03974999999999989,0.03224999999999989,0.009083333333333277
0.0012499999999998623,0.476416666666667,0.009416666666666509,0.0049166666666666525
-0.27391666666666686,-0.16474999999999995,-0.08258333333333327,0.013250000000000095
-0.3253333333333335,-0.2120000000000001,0.009166666666666767,0.020166666666666812
0.1358333333333333,0.3138333333333335,0.015333333333333254,0.026999999999999927
0.1481666666666667,0.2745,0.005166666666666542,0.06416666666666669
-0.6070000000000004,0.11666666666666685,-0.017166666666666518,-0.0004999999999999449
0.19475000000000012,0.26491666666666674,0.022416666666666613,0.009916666666666463
-0.1240833333333333,0.15858333333333352,-0.32841666666666686,-0.21408333333333338
-0.12541666666666665,0.004750000000000032,-0.019583333333333286,-0.36775000000000013
0.5457500000000004,-0.13991666666666686,0.09091666666666665,-0.0047500000000001985
-0.35933333333333345,-0.2253333333333335,0.045666666666666765,0.03100000000000014
0.28783333333333344,-0.04716666666666669,0.18216666666666667,0.06916666666666663
-0.49533333333333357,-0.018333333333333326,-0.0019999999999998908,0.007666666666666782
0.3650833333333336,0.11291666666666658,0.007916666666666622,0.006083333333333163
0.0663333333333333,0.19466666666666682,0.15183333333333335,0.07916666666666657
0.2565833333333334,0.031916666666666586,0.25375000000000014,-0.05025000000000013
0.15916666666666662,0.2595000000000001,0.044333333333333357,0.028999999999999915
0.19650000000000004,0.21183333333333343,0.058666666666666596,0.024999999999999967
-0.09583333333333333,-0.36900000000000027,-0.027499999999999847,-0.01566666666666655
-0.18266666666666675,-0.2611666666666667,-0.03983333333333327,-0.024333333333333262
0.13841666666666666,0.32591666666666685,0.00824999999999998,0.019416666666666527
-0.40883333333333355,0.005333333333333412,-0.048166666666666684,-0.056333333333333215
0.13266666666666663,0.30400000000000016,0.0014999999999998903,0.05383333333333332
0.10274999999999994,0.3037500000000002,0.0500833333333333,0.03541666666666654
-0.12408333333333334,-0.3959166666666669,0.0024166666666667336,0.009583333333333471
0.33241666666666686,-0.05208333333333348,0.07091666666666663,0.14075000000000004
-0.2703333333333334,-0.3201666666666668,0.06650000000000013,0.016000000000000125
-0.13399999999999992,-0.39516666666666694,0.002666666666666817,0.018500000000000075
0.08274999999999996,0.38941666666666686,0.01458333333333325,0.005249999999999921
-0.38158333333333355,-0.07575000000000004,-0.06074999999999994,0.010083333333333555
0.08150000000000003,0.42783333333333345,-0.018666666666666765,0.001333333333333242
0.2184166666666668,0.14325000000000002,0.057916666666666616,0.07241666666666657
0.08449999999999994,0.40966666666666685,-0.01100000000000001,0.008833333333333235
0.3111666666666668,0.1408333333333334,0.023833333333333255,0.01616666666666655
-0.013083333333333447,0.47341666666666693,0.045416666666666605,-0.013750000000000089
-0.02466666666666654,-0.41350000000000026,-0.057000000000000044,-0.012833333333333141
-0.16583333333333342,-0.26216666666666677,-0.05016666666666662,-0.029833333333333212
-0.21966666666666673,-0.1835000000000001,-0.06599999999999998,-0.038833333333333164
-0.4455833333333337,0.008583333333333498,-0.008416666666666538,-0.06258333333333331
0.10908333333333334,0.34125000000000016,0.018583333333333285,0.023083333333333247
-0.20191666666666674,-0.16575000000000004,-0.06158333333333321,-0.07874999999999997
0.20124999999999998,0.21225000000000013,0.01524999999999993,0.06324999999999997
0.4378333333333336,0.01883333333333322,0.010499999999999898,0.0248333333333333
0.2150833333333334,0.1710833333333334,0.04908333333333326,0.05674999999999995
-0.14066666666666663,-0.2713333333333335,-0.06949999999999996,-0.026499999999999913
0.38625000000000026,0.19925000000000007,-0.0567500000000002,-0.03675000000000017
8.333333333310211e-05,0.4430833333333337,0.028749999999999932,0.020083333333333227
-0.11375,-0.2962500000000002,-0.0609166666666666,-0.03708333333333319
0.1890000000000001,0.2248333333333334,0.05433333333333324,0.023833333333333262
-0.1405833333333333,-0.32508333333333345,-0.01758333333333323,-0.024749999999999973
0.2862500000000001,0.11908333333333335,0.04974999999999993,0.0369166666666666
0.17825000000000008,0.14241666666666675,0.09624999999999993,0.07508333333333322
-0.041750000000000176,0.6252500000000005,-0.06525000000000017,-0.026250000000000218
-0.23708333333333348,-0.2642500000000001,-0.0014166666666665106,-0.005249999999999866
-0.19325000000000006,-0.18941666666666662,-0.062249999999999917,-0.06308333333333337
-0.2639166666666668,-0.20658333333333345,-0.00024999999999986144,-0.037249999999999873
-0.27983333333333354,-0.21766666666666676,0.011500000000000177,-0.021999999999999867
0.2395833333333334,0.18758333333333335,0.06024999999999997,0.004583333333333273
-0.24258333333333348,-0.19458333333333336,-0.04841666666666662,-0.022416666666666585
0.030833333333333483,-0.5330000000000003,0.014333333333333309,-0.020166666666666583
-0.0874166666666667,-0.3625833333333335,-0.010749999999999926,-0.04724999999999989
0.08641666666666663,0.35458333333333353,0.01974999999999988,0.031249999999999924
-0.05250000000000017,0.5168333333333336,-0.013333333333333308,0.04099999999999996
-0.16175,-0.3599166666666669,0.022750000000000103,-0.009083333333333166
-0.14191666666666666,-0.2967500000000001,-0.03641666666666664,-0.032916666666666594
0.12966666666666668,0.04799999999999993,0.07749999999999999,0.2368333333333334
0.13075,0.34925000000000017,0.006916666666666524,0.005083333333333273
0.30883333333333346,0.12900000000000003,0.03733333333333325,0.0168333333333332
0.2990833333333335,0.043583333333333196,0.09575000000000006,0.05358333333333323
-0.21150000000000002,-0.29083333333333355,0.06233333333333346,-0.06799999999999992
-0.14150000000000007,-0.3260000000000001,-0.054999999999999924,0.014500000000000068
-0.17216666666666677,-0.21766666666666676,-0.07649999999999992,-0.041666666666666574
0.19600000000000004,0.2578333333333334,0.03466666666666663,0.0034999999999999476
-0.03966666666666657,-0.34133333333333354,-0.06999999999999995,-0.05699999999999994
-0.12558333333333335,-0.3499166666666669,-0.014749999999999874,-0.017749999999999898
0.15800000000000003,0.29316666666666685,0.04116666666666656,-0.00033333333333346316
0.1905833333333334,0.24275000000000005,0.03891666666666658,0.019749999999999934
0.08608333333333333,0.3579166666666669,0.03841666666666653,0.009583333333333222
-0.02933333333333321,-0.3715000000000003,-0.07049999999999997,-0.03666666666666655
0.033416666666666546,0.44375000000000026,0.016083333333333245,-0.0012500000000000289
0.3209166666666669,0.11041666666666665,0.021916666666666473,0.03874999999999992
-0.14225000000000007,-0.2987500000000001,-0.022916666666666585,-0.044083333333333245
0.07641666666666667,0.3534166666666669,0.040416666666666594,0.021749999999999825
-0.10275000000000005,-0.4477500000000001,0.01908333333333334,0.02341666666666676
0.08966666666666676,-0.6086666666666669,0.016833333333333433,-0.005833333333333357
-0.36800000000000027,0.26566666666666694,-0.24900000000000005,-0.15666666666666665
0.18341666666666676,0.2182500000000001,0.0534166666666666,0.03691666666666654
-0.18883333333333335,-0.3655000000000002,0.02083333333333348,0.025500000000000106
0.04874999999999986,0.4700833333333336,-0.006750000000000089,-0.02008333333333338
-0.2706666666666669,-0.17800000000000002,-0.02633333333333321,-0.032999999999999904
-0.1401666666666667,-0.2420000000000002,-0.07999999999999993,-0.04583333333333317
0.19524999999999998,0.23391666666666677,0.032749999999999994,0.03008333333333324
-0.0398333333333335,0.6021666666666671,-0.045166666666666744,-0.025166666666666893
-0.1753333333333334,-0.21183333333333335,-0.009499999999999897,-0.11133333333333333
-0.0920833333333335,0.3027500000000002,0.2779166666666668,0.0034166666666665124
-0.47966666666666685,0.08483333333333345,-0.08616666666666667,-0.026999999999999913
-0.3748333333333335,0.11783333333333351,-0.22450000000000006,-0.026499999999999913
-0.3061666666666668,-0.10866666666666673,-0.07999999999999988,-0.013166666666666549
0.06508333333333324,0.40391666666666687,0.012583333333333259,0.01041666666666663
0.23016666666666669,0.16850000000000004,0.05266666666666662,0.04066666666666663
0.2673333333333334,0.1618333333333333,0.04766666666666666,0.015166666666666662
-0.08783333333333328,-0.4215000000000003,-0.012666666666666535,0.014000000000000123
-0.2630000000000001,-0.006499999999999839,-0.2011666666666667,-0.03733333333333333
-0.25941666666666674,-0.23841666666666675,0.002583333333333382,-0.012749999999999971
-0.31316666666666676,-0.14600000000000007,-0.008499999999999897,-0.04033333333333327
-0.4511666666666668,-0.061000000000000006,0.031166666666666787,-0.026999999999999927
-0.31791666666666685,-0.08591666666666664,-0.05358333333333334,-0.0505833333333332
0.03550000000000012,-0.46933333333333366,-0.0881666666666666,0.014000000000000123
0.08549999999999996,0.1985,0.11666666666666668,0.09133333333333332
-0.22250000000000011,-0.3040000000000001,-0.005666666666666598,0.024166666666666746
-0.2883333333333335,-0.15533333333333335,-0.030833333333333213,-0.033499999999999926
0.18691666666666676,0.2227500000000001,0.052749999999999894,0.02958333333333324
0.1402500000000002,-0.48608333333333353,0.038416666666666766,-0.20058333333333347
0.2698333333333335,0.3141666666666668,-0.02533333333333354,-0.06666666666666679
-0.2570833333333334,-0.24958333333333343,-0.02108333333333328,0.019750000000000045
-0.24541666666666676,-0.23258333333333342,-0.016416666666666635,-0.01358333333333317
0.21233333333333337,0.24283333333333346,0.012666666666666548,0.024166666666666593
0.13333333333333344,0.2880000000000001,0.03416666666666651,0.036499999999999914
0.40550000000000025,0.17416666666666666,-0.05516666666666675,-0.032500000000000195
-0.2997500000000001,-0.08158333333333327,-0.08024999999999992,-0.04641666666666666
0.14175000000000001,0.30708333333333343,0.03441666666666662,0.008749999999999925
-0.0023333333333331874,-0.42400000000000027,-0.05549999999999997,-0.026166666666666612
0.11475000000000024,-0.5149166666666671,-0.03991666666666649,-0.06791666666666661
0.03158333333333326,0.42191666666666683,0.024249999999999924,0.014249999999999985
-0.19833333333333336,-0.2263333333333334,-0.042833333333333314,-0.040499999999999925
0.21591666666666678,0.12574999999999997,0.0825833333333333,0.06774999999999992
0.10291666666666666,0.2429166666666667,0.07891666666666663,0.06725000000000003
0.00524999999999981,0.4305833333333337,0.029083333333333173,0.02708333333333328
-0.10233333333333335,-0.3438333333333335,-0.012666666666666548,-0.04916666666666663
0.05558333333333333,0.44425000000000014,0.01724999999999995,-0.025083333333333457
0.3647500000000002,-0.009083333333333443,0.1824166666666667,-0.046083333333333434
-0.2781666666666668,-0.1718333333333334,-0.022333333333333316,-0.03566666666666653
-0.010416666666666574,-0.3269166666666668,-0.021583333333333225,-0.1490833333333334
0.049833333333333237,0.39550000000000013,0.02133333333333326,0.02533333333333335
0.4011666666666669,-0.01550000000000018,0.09850000000000002,0.007833333333333213
-0.14341666666666672,-0.32208333333333344,-0.05608333333333328,0.013583333333333392
-0.10758333333333328,-0.40808333333333363,0.022416666666666862,-0.014749999999999933
0.46666666666666695,0.023333333333333282,0.007833333333333211,-0.0058333333333334125
0.23216666666666672,0.2848333333333335,-0.035500000000000094,0.010499999999999843
-0.2362500000000001,-0.14191666666666672,-0.11974999999999993,-0.010083333333333278
-0.139,-0.33216666666666683,-0.051499999999999914,0.014666666666666717
-0.2170833333333334,-0.19241666666666668,-0.04908333333333326,-0.049416666666666643
-0.04549999999999996,-0.3150000000000001,-0.10233333333333335,-0.04516666666666658
0.13566666666666666,0.3816666666666668,0.003999999999999948,-0.029333333333333402
-0.11516666666666667,-0.3061666666666668,-0.054333333333333296,-0.03233333333333327
-0.21000000000000005,-0.21283333333333343,-0.060333333333333294,-0.024833333333333207
0.027416666666666756,-0.30558333333333343,-0.26525000000000015,0.03541666666666678
-0.23516666666666666,-0.16366666666666674,-0.07699999999999999,-0.03216666666666668
-0.3635833333333335,-0.12924999999999998,-0.004083333333333328,-0.011083333333333265
-0.1887500000000001,-0.22991666666666663,-0.0380833333333333,-0.051249999999999976
0.19541666666666677,0.2702500000000001,0.009083333333333166,0.017249999999999953
0.23891666666666678,0.23991666666666675,0.02408333333333327,-0.010916666666666797
-0.21600000000000008,0.14000000000000012,-0.2676666666666667,-0.1643333333333334
-0.1413333333333334,-0.28000000000000014,-0.04183333333333317,-0.04483333333333325
-0.19875000000000007,-0.22508333333333336,-0.05524999999999996,-0.028916666666666646
-0.25650000000000006,-0.19016666666666673,-0.005666666666666598,-0.055666666666666656
-0.28216666666666673,0.1070000000000002,-0.21600000000000008,-0.11683333333333341
-0.4294166666666668,0.07258333333333344,-0.08725000000000008,-0.06391666666666658
0.10699999999999997,0.44483333333333364,-0.039166666666666766,-0.020666666666666833
-0.2399166666666668,-0.2799166666666667,-0.009749999999999925,0.02158333333333339
0.27933333333333343,0.15599999999999997,0.03083333333333333,0.025833333333333264
-0.2993333333333335,-0.1023333333333334,-0.061499999999999846,-0.04483333333333328
0.003750000000000142,-0.43375000000000025,-0.047749999999999966,-0.030249999999999902
0.3430000000000002,0.04049999999999995,0.10899999999999999,-0.000500000000000167
0.02466666666666657,0.4443333333333337,0.014499999999999845,0.008499999999999897
-0.15941666666666676,-0.3790833333333335,0.011250000000000093,0.01925000000000011
-0.03724999999999993,-0.442416666666667,-0.021249999999999884,-0.007083333333333108
-0.27158333333333345,-0.17758333333333343,-0.023083333333333234,-0.03574999999999991
0.21491666666666684,0.1105833333333332,-0.005750000000000088,0.17225000000000004
0.39066666666666694,0.13300000000000006,-0.0303333333333335,-0.001333333333333464
-0.18983333333333338,-0.26450000000000007,-0.03183333333333335,-0.02183333333333315
-0.11333333333333327,-0.4415000000000002,0.021166666666666778,0.025666666666666765
0.06850000000000013,-0.5010000000000003,-0.05399999999999994,-0.021499999999999853
0.20433333333333345,0.22866666666666677,0.05299999999999991,0.005999999999999894
0.09358333333333331,0.2530833333333335,0.22075000000000009,-0.07541666666666691
0.03933333333333325,0.4190000000000003,0.0018333333333331314,0.03183333333333325
-0.1335833333333334,-0.33508333333333346,-0.039249999999999896,-8.333333333321313e-05
-0.16366666666666665,-0.2675000000000002,-0.04916666666666668,-0.027666666666666506
-0.17491666666666664,-0.2512500000000001,-0.045083333333333364,-0.03674999999999995
-0.1849166666666667,-0.25258333333333344,-0.06391666666666658,-0.006583333333333274
0.06883333333333325,0.3411666666666669,0.06799999999999995,0.013999999999999901
0.4143333333333336,0.0409999999999999,0.005833333333333246,0.03083333333333328
0.2350833333333334,0.19275000000000012,0.02958333333333324,0.03458333333333323
0.14108333333333328,0.3304166666666668,-0.009583333333333388,0.030083333333333344
0.3500000000000002,0.033666666666666685,0.10483333333333325,0.003499999999999892
0.3028333333333335,0.29083333333333344,-0.06250000000000014,-0.039166666666666905
0.11449999999999999,0.33166666666666683,0.013166666666666549,0.03266666666666664
-0.15633333333333344,-0.24083333333333337,-0.06333333333333328,-0.04749999999999993
-0.41741666666666694,-0.05108333333333329,-0.07124999999999998,0.03175000000000017
0.2585833333333335,0.17024999999999996,0.03825000000000003,0.02491666666666653
0.2171666666666668,0.19599999999999995,0.028666666666666563,0.05016666666666665
-0.13591666666666666,-0.3759166666666669,-0.008583333333333248,0.012416666666666853
0.039416666666666704,-0.532416666666667,-0.010583333333333212,-0.004416666666666513
-0.16983333333333334,-0.3266666666666669,-0.030833333333333282,0.019333333333333536
-0.5370000000000003,0.05050000000000007,0.011666666666666714,-0.03316666666666661
-0.2115000000000001,-0.1965000000000001,-0.06299999999999994,-0.036999999999999866
0.13566666666666666,0.2885000000000002,0.043666666666666576,0.02416666666666656
0.06416666666666669,0.3613333333333335,0.07399999999999991,-0.007500000000000118
-0.027833333333333318,-0.5098333333333335,0.007833333333333359,0.021833333333333385
-0.3060000000000001,-0.12666666666666673,-0.06216666666666668,-0.013166666666666438
0.2425,0.23150000000000012,0.026166666666666616,-0.008166666666666655
0.42083333333333367,-0.00033333333333346316,0.05966666666666657,0.011833333333333196
0.12,0.3246666666666668,0.021166666666666556,0.026166666666666588
0.4830833333333336,-0.016750000000000025,-0.005083333333333329,0.030749999999999823
-0.012833333333333242,-0.547166666666667,0.011333333333333528,0.04066666666666679
-0.2950000000000002,-0.1691666666666667,-0.0033333333333331883,-0.040499999999999925
-0.06958333333333346,0.5560833333333336,0.024583333333333263,-0.019083333333333452
0.31941666666666685,0.10324999999999998,0.0377499999999999,0.03158333333333324
-0.4655833333333336,0.03708333333333347,-0.04458333333333327,-0.03491666666666662
-0.16225000000000003,-0.23608333333333337,-0.062249999999999986,-0.04741666666666661
0.24908333333333343,0.16574999999999995,0.01091666666666663,0.06624999999999999
-0.2638333333333334,-0.16683333333333336,-0.06533333333333327,-0.01200000000000001
-0.07841666666666691,0.3410833333333335,0.17875000000000008,0.05058333333333327
0.11941666666666663,0.406416666666667,-0.043750000000000074,0.009916666666666463
0.12324999999999994,0.2209166666666668,0.10508333333333335,0.0427499999999999
-0.16341666666666674,-0.27908333333333346,-0.05658333333333322,-0.008916666666666573
0.2561666666666668,-0.13250000000000017,0.31683333333333347,0.05149999999999988
-0.03158333333333352,0.48441666666666705,0.021249999999999807,0.017916666666666654
-0.04874999999999999,-0.37375000000000014,-0.07324999999999997,-0.012249999999999872
0.23691666666666683,0.14858333333333337,0.0589166666666666,0.0475833333333332
-0.2711666666666667,-0.2513333333333335,0.021333333333333458,-0.006833333333333247
-0.14625000000000002,-0.20241666666666677,-0.09124999999999996,-0.06808333333333327
0.24125000000000008,0.1940833333333333,0.01691666666666669,0.039749999999999966
-0.42600000000000016,-0.04316666666666665,-0.03799999999999996,-0.0008333333333332416
0.16075000000000006,0.2229166666666667,0.07441666666666664,0.033916666666666595
-0.15358333333333332,-0.08491666666666671,-0.27725000000000016,0.007750000000000257
0.5236666666666671,0.003999999999999919,0.0038333333333332442,-0.039500000000000195
-0.10124999999999998,-0.30241666666666683,-0.0640833333333333,-0.0402499999999999
-0.12616666666666665,-0.26950000000000024,-0.06533333333333327,-0.04699999999999982
-0.2078333333333334,-0.2546666666666667,-0.027666666666666687,-0.0178333333333332
-0.07025,-0.4459166666666668,0.003083333333333438,0.005083333333333383
-0.21108333333333354,-0.21225000000000002,-0.046583333333333234,-0.03808333333333319
-0.10483333333333325,-0.3661666666666669,0.022833333333333483,-0.05983333333333335
-0.20625000000000007,-0.2980833333333335,-0.0017499999999999183,-0.0019166666666665874
0.19291666666666682,0.25191666666666673,0.02558333333333316,0.021583333333333288
-0.05375000000000017,0.5670833333333337,-0.03891666666666673,0.017583333333333173
-0.16800000000000012,-0.2676666666666668,-0.025999999999999857,-0.046333333333333275
-0.0846666666666666,-0.3790000000000002,-0.024833333333333277,-0.019499999999999906
0.1744166666666667,0.20908333333333332,0.05975,0.04874999999999996
-0.10258333333333333,-0.3092500000000002,-0.05624999999999998,-0.039916666666666545
-0.2241666666666667,-0.17716666666666675,-0.06799999999999992,-0.03866666666666663
-0.11441666666666674,-0.32741666666666674,-0.06274999999999993,-0.0034166666666666234
-0.2015833333333333,-0.30641666666666684,0.01375000000000004,-0.013749999999999964
0.15383333333333335,0.2765000000000002,0.02899999999999986,0.03266666666666659
-0.13425,-0.3522500000000002,0.004416666666666735,-0.025916666666666602
-0.2909166666666668,-0.1875833333333335,-0.021416666666666515,-0.008083333333333165
0.27275000000000016,0.23758333333333334,-0.003583333333333494,-0.014750000000000053
-0.1775833333333334,-0.22458333333333338,-0.07041666666666666,-0.03541666666666654
0.1138333333333333,0.35650000000000026,-0.00716666666666671,0.028833333333333162
0.14883333333333337,0.3605000000000002,-0.007000000000000173,-0.01033333333333345
-0.02425000000000015,0.47941666666666705,0.041416666666666595,-0.004583333333333439
-0.563166666666667,0.15050000000000016,-0.10099999999999994,0.00566666666666682
0.25408333333333355,-0.40725000000000017,-0.28558333333333347,-0.06924999999999992
-0.21308333333333343,-0.04541666666666666,-0.06108333333333328,-0.18841666666666668
-0.019999999999999848,-0.4508333333333336,-0.008666666666666545,-0.028499999999999998
0.16358333333333339,0.29508333333333353,0.048083333333333256,-0.014750000000000152
0.49858333333333366,-0.35225000000000034,0.035583333333333245,0.31008333333333343
0.0479166666666668,-0.5992500000000003,0.028416666666666743,0.01491666666666669
-0.0050000000000001085,0.4958333333333337,-0.0016666666666667607,0.002833333333333204
-0.11191666666666658,-0.21341666666666684,-0.12575,-0.056916666666666615
0.41100000000000025,-0.1030000000000002,0.06683333333333331,0.11716666666666667
0.24983333333333338,0.13666666666666671,0.07633333333333331,0.02916666666666662
-0.00791666666666685,0.4717500000000004,0.10441666666666662,-0.07625000000000019
-0.27058333333333356,-0.15608333333333338,-0.06574999999999986,-0.015583333333333171
-0.21125000000000013,-0.3005833333333335,0.023416666666666863,-0.01958333333333323
0.14425,0.32775000000000015,0.021749999999999957,-0.0017500000000000848
-0.0938333333333333,-0.13316666666666663,-0.006166666666666543,-0.2748333333333335
-0.15100000000000002,0.0525000000000001,-0.23799999999999993,-0.17150000000000015
0.42016666666666685,-0.024500000000000112,0.08616666666666671,0.010166666666666602
-0.2569166666666668,-0.21991666666666665,-0.01791666666666661,-0.013249999999999984
-0.05566666666666674,0.5068333333333336,0.049499999999999926,-0.008666666666666711
0.10433333333333329,0.3698333333333335,0.012833333333333294,0.004999999999999893
-0.2870000000000001,-0.019999999999999907,-0.02883333333333326,-0.17216666666666672
-0.1782500000000001,-0.2264166666666668,-0.062416666666666565,-0.040916666666666546
-0.3285000000000001,-0.13516666666666668,-0.007833333333333359,-0.036499999999999914
0.12341666666666667,0.32025000000000015,0.01424999999999993,0.03408333333333323
-0.3610833333333336,-0.16875000000000004,0.015083333333333447,0.006750000000000145
-0.055999999999999946,-0.35866666666666686,-0.04766666666666656,-0.04566666666666663
0.010166666666666602,0.38866666666666677,0.03449999999999992,0.0586666666666667
0.22825,0.33691666666666686,-0.04908333333333345,-0.024083333333333345
-0.13075000000000003,-0.2584166666666668,-0.08024999999999995,-0.03858333333333325
0.2788333333333335,0.2625,-0.05850000000000012,0.009166666666666656
0.22625000000000006,0.14758333333333332,0.08991666666666671,0.028249999999999942
-0.1536666666666667,-0.2633333333333335,-0.06866666666666663,-0.022333333333333205
-0.45675000000000027,0.4254166666666671,-0.2927500000000002,-0.18391666666666662
0.12108333333333324,0.3300833333333336,0.012583333333333169,0.028249999999999983
0.09275000000000001,0.3404166666666668,0.03024999999999995,0.02858333333333324
-0.24925,-0.1589166666666667,-0.004916666666666569,-0.09491666666666673
0.05299999999999991,0.3121666666666669,0.08883333333333332,0.03799999999999981
-0.20608333333333348,-0.23825000000000007,-0.028583333333333183,-0.03508333333333322
-0.05575000000000011,0.5080833333333336,0.018083333333333285,0.021583333333333274
-0.4192500000000002,0.06208333333333348,-0.12275000000000007,-0.028083333333333238
-0.4130833333333336,0.0259166666666667,-0.0810833333333333,-0.03974999999999989
0.42841666666666683,0.03508333333333335,0.044416666666666584,-0.0159166666666668
-0.34566666666666673,-0.13850000000000012,-0.016666666666666524,-0.0071666666666666545
0.14433333333333334,0.24666666666666665,0.06400000000000002,0.03699999999999998
-0.192,-0.2648333333333334,-0.033666666666666664,-0.017499999999999905
0.4090000000000002,0.03649999999999994,0.03966666666666664,0.006833333333333247
0.13491666666666674,0.3430833333333334,0.010749999999999928,0.0032499999999999196
-0.1597500000000001,-0.3344166666666668,0.02375000000000016,-0.03758333333333327
0.02466666666666657,0.4766666666666669,-0.033500000000000085,0.024166666666666593
0.26191666666666685,0.1669166666666666,0.07391666666666667,-0.010750000000000148
0.3448333333333336,0.10216666666666663,0.011666666666666492,0.03333333333333327
-0.3598333333333335,-0.08966666666666674,-0.07983333333333321,0.021333333333333426
-0.2915833333333335,-0.09458333333333328,-0.07208333333333329,-0.049749999999999905
0.5392500000000003,-0.009916666666666907,-0.011416666666666731,-0.025916666666666754
0.28566666666666685,0.23583333333333337,-0.006000000000000116,-0.023500000000000063
0.43366666666666687,-0.030333333333333434,0.04583333333333325,0.04283333333333331
0.06633333333333326,0.3808333333333336,0.011666666666666603,0.03316666666666656
-0.16866666666666671,-0.23366666666666686,-0.05299999999999985,-0.05266666666666664
-0.022749999999999878,-0.44191666666666696,-0.05525000000000004,0.011916666666666798
-0.08408333333333327,-0.42225000000000035,0.0105833333333335,-0.012249999999999893
0.1844166666666667,0.30291666666666683,0.02041666666666657,-0.015750000000000042
0.13875,0.39225000000000015,-0.07441666666666676,0.035416666666666596
-0.033083333333333464,0.3985833333333335,0.06374999999999993,0.06274999999999999
-0.07233333333333333,-0.3570000000000001,-0.055666666666666656,-0.02299999999999991
-0.06908333333333327,-0.23125000000000007,-0.09474999999999992,-0.11291666666666672
-0.3846666666666669,0.03416666666666679,-0.056666666666666705,-0.10083333333333319
-0.10816666666666677,-0.3765000000000001,-0.010999999999999843,-0.012333333333333273
-0.2956666666666668,-0.2528333333333334,0.014500000000000068,0.026000000000000106
-0.2448333333333334,-0.21166666666666673,-0.004666666666666597,-0.046833333333333324
0.4625000000000003,-0.07250000000000018,-0.007833333333333414,0.10983333333333332
-0.16575000000000004,-0.3094166666666668,-0.014583333333333226,-0.018249999999999947
0.056916666666666595,0.4660833333333337,-0.03441666666666678,0.0034166666666665124
-0.04583333333333358,0.6206666666666673,-0.042666666666666776,-0.040166666666666906
0.13741666666666671,0.3462500000000001,0.0054166666666665775,0.002916666666666623
-0.05824999999999997,-0.2380833333333333,-0.09775000000000006,-0.11391666666666667
-0.3706666666666668,-0.11499999999999999,0.0016666666666667052,-0.023999999999999966
0.24650000000000002,0.1955000000000001,0.03566666666666663,0.014333333333333254
-0.11300000000000004,-0.29916666666666686,-0.05916666666666659,-0.036666666666666514
0.17366666666666672,0.20750000000000005,0.06016666666666661,0.05066666666666664
0.3230000000000002,0.1561666666666667,0.009999999999999863,0.002833333333333299
-0.1757500000000001,-0.3025833333333334,0.00725000000000009,-0.036916666666666584
0.0845,0.38650000000000023,0.011666666666666565,0.009333333333333194
0.6010000000000004,-0.16816666666666688,0.06583333333333327,-0.006666666666666821
-0.0739166666666667,-0.0440833333333332,-0.21325000000000008,-0.17675000000000005
0.2115833333333334,0.20308333333333337,0.060749999999999964,0.016583333333333283
-0.24766666666666673,-0.22233333333333338,-0.030166666666666626,-0.007833333333333248
-0.14058333333333334,-0.30658333333333343,-0.02291666666666664,-0.037916666666666585
-0.22191666666666673,-0.2050833333333334,-0.053749999999999964,-0.027249999999999885
0.4512500000000003,-0.013250000000000206,0.03958333333333328,0.014416666666666567
0.48116666666666696,-0.009333333333333459,-0.008166666666666877,0.02833333333333329
0.29400000000000015,0.1316666666666667,0.036999999999999915,0.02933333333333321
0.24141666666666678,0.38241666666666685,-0.0935833333333335,-0.03825000000000023
-0.1645,-0.26383333333333353,-0.05166666666666662,-0.027999999999999803
-0.13266666666666668,-0.31100000000000017,-0.025666666666666504,-0.03866666666666662
0.02958333333333327,0.423416666666667,0.041749999999999884,-0.0027500000000001967
0.46041666666666703,0.0020833333333331594,0.026083333333333233,0.003416666666666582
0.3755833333333336,-0.2817500000000003,0.1764166666666667,0.22175000000000003
0.15858333333333335,0.21791666666666668,0.062249999999999986,0.053249999999999964
0.11391666666666667,0.3544166666666668,0.014583333333333256,0.009083333333333221
0.006250000000000089,-0.4532500000000002,-0.010083333333333267,-0.05091666666666661
-0.010083333333333444,0.418916666666667,0.02474999999999992,0.05841666666666658
-0.11300000000000003,-0.27066666666666683,-0.07016666666666657,-0.054166666666666585
0.19816666666666669,0.22266666666666687,0.10199999999999988,-0.03083333333333349
-0.1462500000000001,-0.2652500000000001,-0.06341666666666658,-0.03308333333333324
0.32233333333333347,0.09816666666666671,0.06166666666666656,0.00983333333333325
-0.10958333333333334,-0.36208333333333353,-0.05341666666666658,0.01708333333333345
0.23483333333333345,0.21300000000000002,0.012333333333333252,0.03183333333333325
-0.48875000000000024,0.1869166666666669,-0.05791666666666667,-0.14825000000000005
0.010666666666666547,0.42783333333333357,0.01866666666666664,0.03483333333333324
0.09841666666666662,0.2849166666666668,0.07341666666666664,0.03524999999999995
-0.06350000000000011,0.3736666666666668,0.13616666666666666,0.04566666666666662
0.13050000000000003,0.17116666666666666,0.143,0.04733333333333334
0.18008333333333346,0.25641666666666674,0.030583333333333268,0.024916666666666476
-0.21375000000000005,-0.2654166666666669,0.00841666666666685,-0.0372499999999999
0.04349999999999994,0.3606666666666668,0.05766666666666665,0.03016666666666662
-0.3544166666666668,-0.17775000000000002,0.01325000000000004,0.010916666666666908
-0.1405,-0.37466666666666676,-0.009666666666666603,0.016833333333333367
0.5850000000000003,-0.15300000000000016,0.0178333333333332,0.04216666666666662
0.28441666666666676,0.11658333333333333,0.06708333333333329,0.02391666666666664
-0.15666666666666673,-0.21750000000000003,-0.07266666666666664,-0.06116666666666659
-0.1629166666666668,-0.31841666666666674,-0.019416666666666575,-0.007249999999999979
-0.21158333333333346,-0.17691666666666672,-0.05674999999999997,-0.06274999999999988
0.025083333333333287,0.44025000000000025,0.034916666666666596,-0.00825000000000009
-0.33358333333333356,-0.17375000000000007,-0.0194166666666665,0.018750000000000155
0.12491666666666672,0.3979166666666668,-0.04975000000000008,0.01891666666666658
-0.09041666666666684,0.5420833333333336,0.019083333333333286,0.021249999999999932
0.2109166666666666,0.32708333333333356,-0.001583333333333381,-0.044416666666666764
-0.2808333333333335,-0.23633333333333337,-0.013666666666666633,0.022833333333333483
-0.3130833333333334,-0.11941666666666667,-0.07441666666666667,-0.001083333333333325
-0.20566666666666675,-0.2303333333333334,-0.028166666666666562,-0.04383333333333328
-0.2874166666666669,-0.1390833333333334,-0.058749999999999844,-0.02274999999999988
-0.20174999999999996,-0.23425000000000015,-0.03808333333333329,-0.033916666666666595
0.03916666666666651,0.39583333333333365,-0.007333333333333525,0.06433333333333334
-0.16291666666666668,-0.28641666666666676,-0.002583333333333271,-0.05608333333333328
0.1030833333333335,-0.6277500000000004,0.0007500000000001394,0.01591666666666669
0.1321666666666667,0.2853333333333335,0.03133333333333321,0.043166666666666575
-0.25966666666666677,-0.2308333333333335,-0.011999999999999879,-0.005499999999999838
0.0769166666666666,0.3340833333333335,0.07841666666666665,0.002583333333333271
-0.2808333333333335,-0.1753333333333334,-0.02183333333333315,-0.029999999999999964
-0.20633333333333334,-0.24166666666666675,-0.012833333333333252,-0.04716666666666669
-0.17816666666666678,-0.32450000000000023,-0.0024999999999997247,-0.0028333333333332295
-0.06099999999999998,-0.40750000000000036,-0.01399999999999979,-0.02549999999999988
0.2736666666666668,0.19116666666666668,-0.0040000000000000036,0.031166666666666572
0.12433333333333355,-0.6108333333333337,-0.03983333333333332,0.018333333333333424
0.3277500000000001,0.23925000000000002,-0.014750000000000152,-0.06025000000000005
0.2064166666666666,0.2677500000000002,0.008916666666666517,0.008916666666666614
0.16350000000000012,0.2876666666666667,0.009999999999999898,0.030833333333333254
0.36583333333333345,0.10133333333333336,0.0004999999999998894,0.024333333333333276
0.20024999999999998,0.27675000000000016,0.008916666666666614,0.0060833333333332185
0.18983333333333335,0.25216666666666676,0.019499999999999906,0.030499999999999965
-0.03583333333333321,-0.10916666666666672,-0.3853333333333336,0.022333333333333427
0.19841666666666674,0.22841666666666674,0.02274999999999988,0.042416666666666616
-0.1141666666666667,-0.3638333333333335,0.002166666666666761,-0.03216666666666659
-0.12591666666666673,-0.4019166666666668,0.030083333333333497,-0.010249999999999926
-0.4132500000000003,-0.06158333333333323,-0.006583333333333163,-0.026583333333333306
0.019833333333333147,0.41350000000000037,0.031166666666666645,0.027499999999999872
-0.39691666666666686,-0.10308333333333336,0.010750000000000148,-0.018749999999999944
0.039083333333333185,0.3990833333333336,0.06975,-0.0159166666666668
0.25133333333333346,0.16583333333333333,0.04866666666666666,0.02616666666666656
0.3687500000000002,0.08758333333333329,0.039249999999999945,-0.0035833333333334383
-0.29325000000000007,-0.09158333333333334,-0.07424999999999994,-0.048916666666666664
0.10183333333333319,0.42750000000000027,-0.010166666666666657,-0.027166666666666783
-0.19058333333333338,-0.2724166666666668,-0.0512499999999999,0.006250000000000089
-0.0441666666666666,-0.512666666666667,0.003166666666666762,0.045666666666666814
-0.16716666666666669,-0.27366666666666684,-0.030833333333333268,-0.03633333333333323
0.2092500000000001,0.24958333333333335,0.003249999999999975,0.029916666666666585
-0.10491666666666664,-0.26841666666666686,-0.07258333333333333,-0.06208333333333316
-0.34191666666666687,-0.00024999999999986144,0.015250000000000102,-0.1810833333333334
-0.12458333333333335,-0.30658333333333343,-0.053749999999999916,-0.02308333333333329
-0.3804166666666669,-0.09375000000000006,-0.05824999999999985,0.024416666666666753
-0.023750000000000156,0.5264166666666669,-0.005750000000000017,-0.00491666666666668
-0.13141666666666685,0.2900833333333335,0.17408333333333334,0.15925
0.4086666666666669,-0.012500000000000178,0.04916666666666666,0.046666666666666586
-0.2782500000000001,-0.18908333333333338,-0.006749999999999923,-0.03391666666666662
-0.24650000000000008,-0.23300000000000007,-0.026166666666666637,-0.0023333333333331874
-0.15283333333333335,-0.3501666666666669,-0.012499999999999928,0.007500000000000173
-0.0007499999999999174,-0.506916666666667,-0.003749999999999872,0.003416666666666811
0.0070833333333332514,0.506916666666667,-0.005916666666666848,-0.016083333333333474
0.20233333333333342,0.26300000000000007,0.002999999999999836,0.02366666666666665
0.2639166666666667,-0.07708333333333339,0.23375000000000015,0.0714166666666666
0.5020833333333337,-0.17658333333333354,0.13575,0.030749999999999833
-0.17141666666666663,-0.3505833333333336,0.03608333333333358,-0.022083333333333302
-0.11833333333333337,-0.3453333333333335,-0.04866666666666663,0.004333333333333522
0.27066666666666683,0.06833333333333329,0.08566666666666661,0.06733333333333325
0.47300000000000036,0.03683333333333331,0.004833333333333079,-0.0226666666666668
-0.06441666666666664,-0.40441666666666687,-0.012083333333333335,-0.027083333333333202
0.13225000000000006,0.18908333333333335,0.06841666666666663,0.10224999999999997
-0.2769166666666668,-0.22791666666666682,0.031916666666666926,-0.03508333333333322
0.1644166666666667,0.21625000000000005,0.06274999999999999,0.048583333333333256
0.6195000000000005,-0.1561666666666669,-0.0011666666666668712,0.02983333333333326
0.04924999999999998,0.33041666666666675,0.039916666666666656,0.07241666666666662
0.3584166666666669,-0.04441666666666677,0.13774999999999993,0.040249999999999966
0.21741666666666676,0.20008333333333336,-0.015750000000000153,0.09025000000000001
0.3753333333333335,0.022499999999999853,0.050499999999999996,0.043666666666666624
-0.2983333333333334,-0.09533333333333331,-0.0795,-0.03483333333333327
-0.1742500000000001,-0.27658333333333346,-0.03808333333333324,-0.01908333333333323
0.09691666666666665,0.3030833333333335,0.06691666666666665,0.025083333333333235
-0.40316666666666684,-0.0496666666666666,-0.05349999999999993,-0.0016666666666665941
-0.11016666666666682,0.5693333333333337,-0.000500000000000056,0.03333333333333319
-0.0765,-0.40200000000000025,-0.010833333333333195,-0.018666666666666564
-0.34491666666666676,-0.08808333333333333,-0.01574999999999993,-0.05924999999999995
-0.23608333333333348,-0.3127500000000001,0.02708333333333348,0.01375000000000004
0.4010833333333335,0.07974999999999995,0.009416666666666587,0.0017499999999999738
0.08266666666666668,0.30266666666666675,0.07533333333333334,0.03133333333333321
0.11408333333333327,0.2845833333333335,0.051083333333333245,0.042249999999999954
-0.31716666666666676,-0.13283333333333336,-0.01916666666666661,-0.038833333333333275
-0.21400000000000005,-0.1921666666666667,-0.05566666666666661,-0.046166666666666634
-0.19991666666666666,-0.2617500000000002,-0.06374999999999997,0.017416666666666858
-0.19658333333333336,-0.10191666666666667,-0.1394166666666667,-0.07008333333333328
-0.03233333333333355,0.3911666666666669,0.0678333333333333,0.06533333333333333
-0.18283333333333332,-0.3011666666666668,-0.009999999999999953,-0.01399999999999995
0.044416666666666556,0.40941666666666704,0.026416666666666522,0.011749999999999872
0.1744166666666667,0.20908333333333332,0.05975,0.04874999999999996
-0.18333333333333335,-0.34400000000000014,0.014000000000000094,0.005333333333333301
-0.3108333333333334,-0.1276666666666666,-0.05500000000000003,-0.014499999999999957
-0.45108333333333345,-0.058416666666666686,-0.015083333333333275,0.016583333333333394
0.06425000000000013,-0.4960833333333337,-0.01458333333333317,-0.06158333333333325
0.2797500000000001,0.12375,0.0625833333333333,0.025916666666666588
0.003999999999999948,0.43783333333333346,0.011999999999999905,0.03816666666666667
-0.2374166666666668,-0.18825000000000006,-0.05958333333333329,-0.02274999999999988
-0.18350000000000014,-0.21966666666666673,-0.05833333333333325,-0.046499999999999875
0.14725,0.22825000000000006,0.05441666666666656,0.06208333333333338
0.3455833333333335,0.12658333333333327,0.017749999999999974,0.002083333333333215
0.24308333333333346,0.21858333333333338,0.01258333333333328,0.017749999999999898
-0.09925000000000003,-0.40875000000000017,0.002083333333333437,-0.0020833333333332704
0.0149166666666668,-0.4567500000000003,-0.054249999999999916,-0.011916666666666551
0.3320833333333334,-0.05591666666666677,0.23141666666666674,-0.015583333333333393
-0.0066666666666664876,-0.4313333333333337,-0.06016666666666664,-0.009833333333333204
0.07799999999999992,0.24033333333333345,0.13666666666666674,0.036999999999999866
0.27575000000000005,0.1962500000000001,0.017083333333333242,0.002916666666666623
0.2509166666666668,0.14408333333333337,0.07224999999999997,0.024749999999999883
-0.26525000000000015,-0.14841666666666672,-0.06608333333333331,-0.02824999999999983
0.14799999999999996,0.01616666666666655,0.2695000000000002,0.058333333333333307
0.20316666666666675,0.23983333333333332,0.019333333333333258,0.029666666666666654
-0.1778333333333333,-0.24933333333333346,-0.05900000000000004,-0.021833333333333205
-0.023500000000000118,0.5140000000000002,0.009999999999999886,-0.008499999999999952
0.24100000000000002,0.17116666666666677,0.043499999999999914,0.03633333333333327
0.06291666666666657,0.3900833333333335,0.030083333333333295,0.008916666666666628
0.06666666666666662,0.37850000000000017,0.03433333333333331,0.012499999999999845
0.19975000000000012,0.19225,0.06591666666666662,0.03408333333333324
-0.09875000000000012,0.2814166666666668,0.15241666666666664,0.1569166666666667
0.17333333333333334,0.20300000000000012,0.04766666666666658,0.06799999999999995
0.47350000000000014,-0.0051666666666667915,0.02866666666666663,-0.0050000000000000044
-0.02324999999999985,-0.4685833333333337,-0.04824999999999991,0.032083333333333464
0.17491666666666664,0.19425000000000014,0.08708333333333332,0.03574999999999995
-0.23550000000000007,-0.2090000000000001,-0.05883333333333328,-0.004666666666666597
0.4566666666666671,0.017499999999999807,-0.0068333333333335244,0.024666666666666594
0.28100000000000014,0.1741666666666667,0.03449999999999993,0.002333333333333243
0.21558333333333338,0.16941666666666672,0.05891666666666663,0.048083333333333256
0.2688333333333335,0.12466666666666672,0.05966666666666659,0.03883333333333322
0.38833333333333353,0.13099999999999995,0.009666666666666657,-0.037000000000000074
-0.07116666666666663,-0.3840000000000003,-0.005833333333333246,-0.046999999999999854
0.2528333333333334,0.18316666666666667,-0.14150000000000018,0.1975000000000001
0.11975,0.3452500000000002,0.009749999999999925,0.017249999999999897
0.24808333333333343,0.13791666666666666,0.07191666666666668,0.03408333333333319
0.4015000000000002,0.07883333333333331,0.02416666666666657,-0.012500000000000067
0.028333333333333415,-0.5488333333333336,0.013000000000000105,-0.0004999999999999449
0.2051666666666666,0.025833333333333375,0.093,0.16800000000000007
0.007666666666666544,0.4291666666666669,0.02449999999999991,0.030666666666666648
0.2114166666666667,0.19891666666666677,0.022583333333333233,0.059083333333333314
-0.21325000000000016,-0.1980833333333334,-0.06408333333333327,-0.032583333333333186
0.15641666666666668,0.37875000000000014,-0.02741666666666672,-0.015750000000000042
0.2521666666666668,0.06933333333333333,0.06283333333333319,0.10766666666666663
-0.14133333333333337,-0.2653333333333334,-0.071,-0.030333333333333212
-0.017916666666666834,0.5215833333333338,-0.015583333333333525,0.003916666666666457
-0.07341666666666702,0.4530833333333337,0.05608333333333322,0.05624999999999999
0.3213333333333335,0.10250000000000006,0.01716666666666644,0.05099999999999991
0.31216666666666676,-0.08216666666666672,0.21350000000000002,0.04849999999999998
-0.2316666666666668,-0.17066666666666674,-0.07483333333333324,-0.030833333333333213
0.41116666666666696,-0.0415000000000002,0.07133333333333336,0.05099999999999991
0.28883333333333344,0.18400000000000008,-0.011333333333333417,0.03049999999999989
-0.19833333333333344,-0.30783333333333346,0.031333333333333435,-0.03316666666666654
0.18850000000000017,0.277,-0.004666666666666763,0.031166666666666572
-0.35066666666666685,-0.09000000000000002,-0.05083333333333326,-0.016499999999999848
0.43450000000000016,-0.06533333333333347,-0.09050000000000005,0.21333333333333337
0.03383333333333342,-0.4708333333333336,-0.05516666666666661,-0.0158333333333332
-0.16033333333333327,-0.23116666666666683,-0.07450000000000002,-0.041999999999999926
0.2313333333333334,0.3473333333333335,-0.052666666666666764,-0.03400000000000014
0.02883333333333326,0.42266666666666697,0.040833333333333215,-0.00033333333333346316
0.027749999999999886,0.4415833333333336,-0.014416666666666744,0.03708333333333322
0.128,0.31550000000000017,0.029999999999999943,0.01849999999999985
-0.04383333333333323,-0.40433333333333354,-0.04616666666666664,-0.013666666666666605
0.19066666666666668,0.20183333333333336,0.08900000000000007,0.010499999999999843
-0.17966666666666686,0.469666666666667,0.02299999999999991,0.17899999999999994
-0.07891666666666663,-0.30391666666666695,-0.07991666666666658,-0.045249999999999846
0.010166666666666518,0.4645000000000004,0.027499999999999924,-0.01016666666666688
0.39858333333333373,-0.020250000000000212,0.07508333333333321,0.03858333333333326
-0.0011666666666667047,0.3846666666666669,0.09716666666666662,0.011333333333333199
-0.1368333333333333,-0.3190000000000001,-0.07033333333333336,0.018166666666666775
0.20400000000000004,0.2936666666666668,-0.04500000000000015,0.0393333333333333
-0.04033333333333347,0.5338333333333336,-0.0025000000000000686,0.0009999999999998899
0.08199999999999999,0.29100000000000004,0.08016666666666664,0.038833333333333386
0.1470833333333333,0.25741666666666685,0.07874999999999992,0.008749999999999925
-0.12091666666666674,-0.37475000000000014,-0.025583333333333208,0.013250000000000095
0.0876666666666666,0.3755000000000002,0.0014999999999998348,0.027333333333333293
0.3344166666666669,0.05274999999999997,0.02558333333333318,0.07924999999999995
0.19225000000000006,0.13475000000000004,0.10558333333333332,0.05941666666666662
0.18433333333333338,0.30783333333333346,-0.032333333333333436,0.03216666666666659
0.06724999999999995,0.39008333333333356,0.02908333333333322,0.0055833333333332735
-0.15383333333333335,-0.2988333333333335,-0.057166666666666574,0.0018333333333334645
0.25975000000000004,0.26558333333333345,-0.0035833333333333828,-0.029750000000000054
0.24775000000000008,0.18108333333333337,0.02958333333333324,0.033583333333333285
-0.25541666666666685,-0.16708333333333333,-0.0740833333333333,-0.01141666666666652
-0.1863333333333334,-0.20283333333333345,-0.06683333333333322,-0.051999999999999935
-0.04375000000000018,0.0350833333333333,0.18541666666666667,0.31525000000000014
0.15666666666666676,0.21700000000000008,0.06333333333333323,0.05499999999999994
-0.1910000000000001,-0.29850000000000015,-0.03616666666666655,0.01766666666666683
0.38400000000000034,0.02799999999999986,0.04449999999999986,0.03549999999999994
-0.039333333333333276,-0.22366666666666674,-0.1828333333333334,-0.062166666666666606
-0.16208333333333338,-0.24691666666666678,-0.06108333333333331,-0.03791666666666654
0.5886666666666669,-0.13550000000000015,0.004999999999999949,0.03383333333333331
0.014666666666666554,0.38650000000000023,0.09149999999999996,-0.0006666666666667598
0.15616666666666673,0.2983333333333335,0.009499999999999842,0.02799999999999992
0.2310833333333334,0.2365833333333334,0.018583333333333285,0.005749999999999922
-0.17200000000000001,-0.2778333333333335,-0.025666666666666504,-0.03249999999999998
-0.07033333333333329,-0.41366666666666696,-0.013999999999999974,-0.009999999999999787
-0.15616666666666668,-0.26216666666666677,-0.05366666666666666,-0.03599999999999992
-0.31625000000000003,-0.16141666666666674,0.0062500000000002,-0.03658333333333337
-0.5210833333333336,0.042583333333333376,-0.025583333333333232,-0.003916666666666568
0.055166666666666586,0.23616666666666672,0.1378333333333334,0.06283333333333328
-0.18475000000000003,-0.23808333333333348,-0.049916666666666616,-0.03524999999999989
-0.3927500000000001,-0.09525,0.05625000000000013,-0.07625000000000001
-0.5131666666666671,0.1055000000000002,-0.07349999999999994,-0.02683333333333321
0.31908333333333355,0.15075,0.04174999999999993,-0.019583333333333508
-0.3220833333333335,-0.11525,-0.05574999999999999,-0.014916666666666523
0.17299999999999996,0.2781666666666668,0.0371666666666667,0.003666666666666596
0.28383333333333355,0.05766666666666655,0.1118333333333333,0.03866666666666663
-0.22275000000000006,-0.21558333333333346,-0.04941666666666659,-0.02024999999999988
0.19050000000000003,0.25133333333333335,0.020166666666666666,0.029999999999999943
0.1858333333333334,0.2210000000000001,0.053333333333333295,0.031833333333333214
0.3123333333333335,0.07983333333333321,0.08599999999999998,0.013833333333333309
-0.08525000000000012,0.5344166666666669,0.028249999999999945,0.014583333333333282
-0.04024999999999991,-0.4072500000000004,-0.055083333333333255,-0.005416666666666403
-0.18275000000000013,-0.19541666666666668,-0.01891666666666658,-0.11091666666666662
0.09766666666666673,0.3455000000000002,0.04949999999999984,-0.0006666666666667598
0.20308333333333334,0.2590833333333334,0.006416666666666571,0.02341666666666669
0.19991666666666671,0.2074166666666667,0.049416666666666664,0.03524999999999989
-0.15325000000000008,-0.2787500000000001,-0.05341666666666658,-0.02258333333333329
0.25700000000000006,0.103,0.10100000000000002,0.030999999999999917
0.43391666666666684,0.04341666666666659,0.015750000000000004,-0.001083333333333436
-0.24783333333333346,-0.19233333333333338,-0.052166666666666646,-0.01566666666666655
0.3158333333333335,0.05550000000000002,0.12149999999999989,-0.0008333333333334636
-0.3219166666666669,-0.19791666666666663,-0.0060833333333331074,0.017916666666666723
0.3071666666666668,0.24216666666666675,-0.022666666666666835,-0.03466666666666673
0.1680833333333334,0.11475000000000003,0.04841666666666661,0.16074999999999998
-0.19775000000000006,-0.3130833333333335,-0.013249999999999944,0.01608333333333356
-0.21050000000000013,-0.19133333333333338,-0.062499999999999944,-0.043666666666666576
0.010749999999999895,0.5132500000000002,-0.021916666666666716,-0.010083333333333444
0.016833333333333256,0.04866666666666655,0.19900000000000004,0.22750000000000012
0.21341666666666673,0.18708333333333338,0.0442499999999999,0.04725000000000004
0.1904166666666668,0.19375000000000012,0.05058333333333326,0.05724999999999985
0.03574999999999995,0.22358333333333344,0.18341666666666673,0.04924999999999993
0.1706666666666667,0.2146666666666667,0.06499999999999999,0.041666666666666574
0.3525000000000001,0.028999999999999942,-0.004833333333333356,0.11533333333333336
-0.2990000000000002,-0.1081666666666667,-0.05799999999999991,-0.04283333333333317
0.2640000000000002,0.21050000000000002,0.008999999999999918,0.008499999999999897
-0.19991666666666674,-0.21191666666666667,-0.05358333333333334,-0.042583333333333306
0.22000000000000008,0.20500000000000007,0.0376666666666666,0.02933333333333321
-0.16033333333333333,-0.34050000000000014,0.019333333333333425,-0.026499999999999982
-0.12583333333333338,-0.3136666666666668,-0.050333333333333306,-0.018166666666666498
0.25625000000000014,-0.0920833333333334,0.11374999999999993,0.21408333333333338
-0.13575000000000004,-0.26658333333333345,-0.06558333333333331,-0.04008333333333319
0.29016666666666674,0.07033333333333323,0.1291666666666667,0.0023333333333332984
-0.04449999999999999,-0.4558333333333335,0.0015000000000001679,-0.00916666666666665
-0.36041666666666683,0.03391666666666682,-0.08958333333333333,-0.09191666666666663
-0.4633333333333336,-0.08633333333333332,0.018500000000000183,0.0231666666666668
0.17916666666666664,0.36283333333333356,-0.018166666666666775,-0.03183333333333345
-0.21791666666666681,-0.26975000000000005,-0.014916666666666592,-0.005416666666666514
-0.18150000000000005,-0.25783333333333336,-0.03483333333333334,-0.03383333333333327
-0.31683333333333347,-0.11166666666666664,-0.0841666666666666,0.004666666666666708
-0.09616666666666684,0.6418333333333336,-0.03416666666666672,-0.019500000000000073
-0.11,-0.3768333333333335,0.01983333333333337,-0.0409999999999999
0.1900833333333334,0.2264166666666668,0.05491666666666657,0.02058333333333323
-0.40616666666666695,-0.0066666666666664876,-0.07049999999999995,-0.024666666666666566
0.014916666666666767,-0.5069166666666669,-0.009749999999999977,-0.006249999999999978
-0.12183333333333349,0.6486666666666671,-0.010666666666666824,-0.024166666666666746
0.13875000000000004,0.3235833333333335,-0.004416666666666846,0.03408333333333328
-0.24983333333333343,-0.23050000000000012,-0.015499999999999955,-0.012166666666666492
-0.24858333333333335,-0.24408333333333343,-0.009416666666666636,-0.00591666666666657
-0.1909166666666668,-0.29941666666666666,-0.02858333333333335,0.010916666666666797
0.2223333333333335,0.20166666666666672,0.033833333333333215,0.03416666666666658
0.2260833333333334,0.21341666666666675,-0.04441666666666677,0.09691666666666658
-0.3191666666666669,-0.17949999999999997,-0.006333333333333296,-0.0029999999999998916
-0.03091666666666684,0.5479166666666669,-0.0047500000000000875,-0.02025000000000004
0.002999999999999836,0.46633333333333366,0.005833333333333295,0.016833333333333204
-0.2891666666666668,-0.11516666666666668,-0.06783333333333326,-0.03583333333333327
-0.2507500000000002,-0.29225,0.013416666666666743,0.021583333333333444
-0.13641666666666666,-0.3087500000000002,-0.0620833333333333,-0.0007499999999999174
-0.06491666666666684,0.5335833333333339,0.00691666666666646,0.01641666666666653
-0.30333333333333345,-0.16816666666666666,0.004833333333333467,-0.04133333333333332
0.17341666666666666,0.1984166666666667,0.07175000000000002,0.04841666666666661
-0.5075833333333337,0.33491666666666703,-0.07891666666666658,-0.2564166666666668
0.11741666666666667,0.2787500000000001,0.05591666666666667,0.039916666666666545
-0.41083333333333355,0.023333333333333456,-0.008999999999999897,-0.11150000000000004
0.05216666666666659,0.1950000000000001,0.2040000000000001,0.04083333333333322
0.07683333333333331,0.36016666666666686,0.03133333333333325,0.023666666666666558
0.5145000000000002,-0.03550000000000007,0.016666666666666594,-0.003666666666666707
-0.05216666666666664,-0.2690000000000002,-0.10316666666666664,-0.08366666666666657
-0.19108333333333338,-0.23825000000000007,-0.05591666666666664,-0.022749999999999937
0.3707500000000002,-0.13725000000000012,0.045916666666666606,0.21258333333333335
-0.08008333333333344,0.5500833333333336,0.01374999999999996,0.008249999999999869
0.4858333333333336,-0.008666666666666711,0.00866666666666655,0.006166666666666584
-0.1499166666666667,-0.3810833333333335,0.010250000000000092,0.012750000000000037
0.12391666666666691,-0.6202500000000004,-0.013249999999999944,0.001583333333333492
0.09116666666666667,0.2488333333333334,0.12016666666666673,0.031833333333333214
-0.3285833333333335,0.0724166666666668,-0.08358333333333334,-0.16825
-0.03133333333333323,-0.4825000000000003,0.002666666666666817,0.0031666666666667217
0.21533333333333346,0.2443333333333333,0.021166666666666605,0.011166666666666603
-0.23966666666666678,-0.21433333333333338,-0.04883333333333327,-0.005166666666666542
-0.0879166666666667,-0.38891666666666685,-0.025583333333333208,-0.0055833333333332735
-0.23208333333333345,-0.25541666666666674,-0.015083333333333285,-0.005416666666666514
-0.05958333333333329,-0.43941666666666684,-0.007249999999999961,-0.0017499999999999183
0.07816666666666665,0.40033333333333354,0.008166666666666603,0.00533333333333319
-0.3586666666666668,-0.04466666666666663,-0.05916666666666662,-0.045499999999999985
-0.18924999999999995,-0.24241666666666684,-0.04491666666666666,-0.03141666666666659
-0.17366666666666675,-0.26550000000000007,-0.025333333333333208,-0.04349999999999997
0.24400000000000008,0.1803333333333334,0.08683333333333333,-0.019166666666666776
0.3015000000000001,0.15716666666666662,0.0716666666666667,-0.03833333333333344
0.5611666666666669,-0.14516666666666686,0.09816666666666665,-0.022166666666666668
-0.20266666666666663,-0.3566666666666669,0.02733333333333334,0.024000000000000243
-0.017666666666666567,-0.44516666666666704,-0.048333333333333194,0.003166666666666762
-0.3943333333333334,-0.045499999999999936,-0.04649999999999998,-0.021666666666666667
-0.053916666666666835,0.3385833333333335,0.16124999999999998,0.046083333333333365
-0.15825000000000003,-0.23625000000000018,-0.06924999999999991,-0.0442499999999999
-0.14749999999999996,-0.2911666666666668,-0.03483333333333334,-0.03449999999999992
0.011833333333333473,-0.21950000000000006,-0.22633333333333344,-0.07399999999999997
-0.036000000000000226,0.5120000000000005,0.02466666666666659,-0.008666666666666822
-0.596166666666667,0.12700000000000017,-0.00649999999999995,-0.03233333333333332
0.20766666666666675,0.23866666666666678,0.04066666666666659,0.004999999999999893
0.18450000000000005,0.17666666666666667,0.0861666666666667,0.04466666666666652
-0.40325000000000016,-0.08391666666666672,-0.008083333333333165,-0.012749999999999966
0.2135,0.28266666666666684,0.011166666666666597,-0.015333333333333421
0.3290833333333335,0.026583333333333285,0.12891666666666662,0.0074166666666665715
-0.09666666666666686,0.5953333333333336,-0.0015000000000000568,-0.005166666666666706
-0.07841666666666691,0.33241666666666697,0.1680833333333333,0.06991666666666661
-0.25983333333333336,-0.2140000000000001,-0.01033333333333325,-0.02383333333333333
-0.004249999999999976,-0.4367500000000002,-0.01858333333333326,-0.048416666666666594
-0.27741666666666687,0.11041666666666683,-0.2767500000000001,-0.0642499999999999
-0.16183333333333344,-0.14400000000000004,-0.13349999999999998,-0.06866666666666654
-0.1738333333333334,0.0008333333333334636,-0.13433333333333328,-0.20066666666666677
-0.02308333333333342,0.49791666666666695,-0.00825000000000009,0.025416666666666577
0.1808333333333333,0.13700000000000004,0.0945,0.07966666666666666
0.23125000000000007,0.18108333333333332,0.06874999999999998,0.01091666666666663
-0.3914166666666668,-0.02024999999999988,-0.04058333333333333,-0.05574999999999999
0.09033333333333333,0.2613333333333334,0.0698333333333333,0.07049999999999997
0.465416666666667,0.09974999999999994,-0.04291666666666679,-0.03025000000000011
0.15141666666666673,0.2260833333333334,0.13941666666666666,-0.02491666666666681
-0.14500000000000007,-0.20366666666666672,-0.05499999999999994,-0.10433333333333329
0.34108333333333357,0.07491666666666658,0.05241666666666658,0.02358333333333329
-0.20283333333333342,-0.2805000000000002,-0.022999999999999916,-0.0016666666666664831
0.1366666666666667,0.2768333333333335,0.07133333333333325,0.0071666666666665435
0.03216666666666659,0.4281666666666669,0.0009999999999999454,0.03066666666666657
0.1820833333333334,0.26258333333333345,0.011416666666666575,0.03591666666666656
-0.35000000000000014,-0.137,-0.0030000000000000027,-0.017999999999999884
-0.05849999999999991,-0.4275000000000002,-0.007000000000000006,-0.014999999999999944
0.07008333333333322,0.3502500000000002,0.047250000000000014,0.024416666666666587
0.1595833333333334,0.21025000000000002,0.06524999999999992,0.056916666666666615
-0.1439166666666667,-0.3542500000000002,-0.003916666666666568,-0.005916666666666598
-0.15675000000000003,-0.3255833333333335,-0.0009166666666665657,-0.024749999999999897
-0.18450000000000008,-0.27850000000000014,-0.017333333333333256,-0.027666666666666555
-0.3132500000000001,-0.1685833333333334,-0.020416666666666645,-0.005749999999999922
0.04008333333333328,0.4290833333333337,-0.0035833333333335493,0.026416666666666547
-0.06725000000000014,0.42675000000000024,0.07174999999999992,0.06075000000000002
-0.11666666666666671,-0.33933333333333354,-0.035666666666666555,-0.0163333333333332
-0.14475000000000002,-0.3297500000000002,-0.02391666666666656,-0.009583333333333166
-0.22025000000000022,-0.21291666666666656,-0.09241666666666665,0.017583333333333506
0.21191666666666678,0.1965833333333334,0.02874999999999983,0.05474999999999994
-0.1754166666666666,-0.19391666666666682,-0.08308333333333333,-0.05558333333333326
-0.17108333333333345,-0.39808333333333346,-0.00924999999999987,0.07041666666666681
0.005083333333333162,0.45491666666666686,0.0210833333333333,0.010916666666666682
-0.06550000000000013,0.5710000000000003,-0.0018333333333334645,-0.011666666666666731
-0.46433333333333343,0.01633333333333331,0.046166666666666765,-0.10616666666666669
0.13675,0.3370833333333335,0.01174999999999992,0.006416666666666515
0.38441666666666696,0.018083333333333174,0.02574999999999989,0.06374999999999996
-0.11875000000000002,-0.26741666666666686,-0.07641666666666663,-0.045416666666666494
0.2994166666666668,0.0910833333333333,0.08191666666666662,0.019583333333333286
0.09416666666666665,0.3373333333333335,0.04249999999999994,0.01799999999999996
-0.22225000000000011,-0.23541666666666675,-0.016749999999999876,-0.033583333333333264
0.18483333333333343,0.0946666666666666,0.07833333333333325,0.13416666666666668
0.2464166666666668,0.18841666666666668,0.023749999999999882,0.0334166666666666
-0.24866666666666673,-0.18133333333333337,-0.07266666666666664,-0.005333333333333301
-0.1909166666666667,-0.22725000000000012,-0.11308333333333336,0.023250000000000104
0.3845000000000003,0.06233333333333324,0.0129999999999999,0.032166666666666587
0.11225000000000002,0.24058333333333343,0.07074999999999992,0.06841666666666663
0.08616666666666663,0.4430000000000002,-0.043666666666666784,0.006499999999999895
-0.2032500000000001,-0.30858333333333343,-0.01791666666666658,0.021750000000000158
0.05883333333333329,0.2678333333333334,0.09066666666666669,0.07466666666666663
-0.13683333333333336,-0.2328333333333334,-0.0748333333333333,-0.06349999999999995
0.11616666666666679,-0.5588333333333336,-0.07133333333333325,0.006000000000000005
