anomaly_0,anomaly_1,indirect_0,indirect_1
0.01391666666666669,-0.03625000000000002,0.006916666666666696,-0.03358333333333336
0.31433333333333335,0.3943333333333335,0.0854999999999998,0.15683333333333332
0.43616666666666687,0.3958333333333335,0.09416666666666641,0.024833333333333263
-0.028333333333333346,0.004000000000000017,-0.01683333333333334,-0.007833333333333331
-0.019500000000000003,-0.020500000000000015,-0.008666666666666665,-0.00033333333333331744
-0.014249999999999999,-0.023583333333333345,0.00025000000000000716,-0.011416666666666667
-0.023250000000000014,-0.014916666666666674,-0.00791666666666666,-0.0029166666666666508
-0.014249999999999999,-0.020583333333333342,-0.009750000000000002,-0.004416666666666659
-0.009916666666666666,-0.023416666666666683,-0.010916666666666663,-0.00474999999999999
-0.04066666666666669,0.0,-0.0069999999999999915,-0.0013333333333333183
-0.020500000000000004,-0.03166666666666669,-0.0026666666666666575,0.005833333333333352
-0.024416666666666673,-0.018416666666666675,8.333333333334497e-05,-0.006249999999999996
0.02400000000000002,-0.07050000000000003,-0.006666666666666662,0.004166666666666673
-0.01750000000000001,-0.018333333333333337,-0.005333333333333329,-0.007833333333333331
0.37375000000000014,0.37791666666666673,0.069583333333333,0.12974999999999998
-0.016583333333333335,-0.037416666666666695,-0.006916666666666661,0.011916666666666693
0.2482500000000001,0.4325833333333336,0.13124999999999976,0.1389166666666664
-0.02683333333333334,-0.02033333333333334,-0.010833333333333335,0.009000000000000008
-0.022583333333333334,-0.023416666666666672,-0.0025833333333333324,-0.0004166666666666624
-0.0013333333333333114,-0.03166666666666669,-0.0046666666666666645,-0.01133333333333333
0.003500000000000014,-0.06600000000000004,0.010500000000000021,0.0030000000000000027
-0.04666666666666669,0.009166666666666684,-0.0024999999999999883,-0.009000000000000008
-0.01616666666666668,-0.021166666666666677,-0.0026666666666666505,-0.008999999999999994
0.010583333333333347,-0.02875,-0.010250000000000009,-0.02058333333333334
-0.02308333333333334,-0.020583333333333346,0.0020833333333333467,-0.0074166666666666626
-0.02925000000000002,0.007583333333333345,-0.018083333333333333,-0.009249999999999998
-0.016,-0.015500000000000007,-0.007833333333333331,-0.009666666666666667
-0.014249999999999997,-0.029083333333333343,-0.0034166666666666677,-0.002249999999999995
-0.022666666666666675,-0.015833333333333335,0.0006666666666666765,-0.011166666666666668
0.016666666666666687,0.1160000000000001,-0.1791666666666668,-0.0024999999999999883
-0.011333333333333334,-0.02183333333333334,-0.007999999999999997,-0.007833333333333331
-0.022333333333333344,-0.023666666666666683,0.0041666666666666866,-0.007166666666666663
-0.011999999999999993,-0.023833333333333345,-0.013333333333333345,0.00016666666666667607
0.012416666666666687,-0.028583333333333353,-0.014249999999999999,-0.018583333333333337
-0.012250000000000004,-0.023083333333333345,-0.005083333333333329,-0.008583333333333328
-0.0018333333333333188,-0.02966666666666668,-0.01333333333333334,-0.004166666666666658
-0.03991666666666668,0.022916666666666696,-0.01641666666666668,-0.01558333333333334
-0.03783333333333336,-0.018500000000000003,0.005833333333333352,0.0015000000000000083
0.33249999999999996,0.3140000000000001,0.09983333333333322,0.20466666666666666
-0.026916666666666676,-0.008249999999999993,-0.0005833333333333246,-0.013250000000000007
-0.010999999999999998,-0.020833333333333343,-0.0071666666666666615,-0.01
-0.007916666666666666,-0.02758333333333335,-0.0035833333333333273,-0.009916666666666664
-0.014833333333333332,-0.021166666666666677,0.0013333333333333391,-0.014333333333333333
-0.02450000000000002,-0.008999999999999994,-0.011833333333333333,-0.0036666666666666584
-0.014833333333333339,-0.03583333333333335,0.0038333333333333483,-0.002166666666666663
-0.02575000000000001,-0.020250000000000008,0.0014166666666666702,-0.004416666666666661
-0.019166666666666672,-0.02016666666666667,-0.00883333333333333,-0.0008333333333333248
-0.023250000000000017,-0.018249999999999995,-0.005916666666666662,-0.0015833333333333324
-0.030750000000000013,-0.0010833333333333112,-0.006916666666666665,-0.010250000000000007
-0.03341666666666669,-0.002083333333333319,-0.004416666666666665,-0.009083333333333327
-0.045083333333333364,0.00775000000000001,-0.01841666666666667,0.00675000000000002
0.03733333333333338,-0.08816666666666673,-0.004166666666666659,0.006000000000000006
-0.021916666666666668,-0.019916666666666673,-0.0027499999999999955,-0.004416666666666668
-0.019166666666666672,-0.01983333333333334,-0.00833333333333333,-0.0016666666666666566
-0.021666666666666678,-0.022500000000000013,-0.001999999999999988,-0.002833333333333325
-0.010500000000000002,-0.04233333333333336,0.003500000000000009,0.00033333333333335213
-0.018583333333333334,-0.02341666666666667,-0.0017499999999999946,-0.005250000000000003
-0.045750000000000034,-0.0007499999999999868,0.005583333333333347,-0.00808333333333333
-0.019333333333333334,-0.020333333333333342,-0.000999999999999987,-0.008333333333333337
-0.035500000000000025,-0.018,0.010666666666666678,-0.006166666666666661
-0.01891666666666667,-0.01975000000000001,-0.003249999999999989,-0.007083333333333331
-0.02741666666666669,0.00791666666666669,-0.014916666666666672,-0.014583333333333328
0.014416666666666689,-0.035583333333333356,-0.008249999999999997,-0.019583333333333338
-0.036166666666666694,0.00583333333333335,-0.0074999999999999884,-0.011166666666666672
-0.007416666666666667,-0.02475,-0.004416666666666666,-0.012416666666666668
-0.013166666666666667,-0.04000000000000002,-0.0026666666666666644,0.0068333333333333475
-0.02666666666666668,-0.029000000000000015,0.0016666666666666843,0.005000000000000013
0.32300000000000006,0.28266666666666673,0.24750000000000003,0.0978333333333331
-0.010916666666666668,-0.02175000000000001,-0.005583333333333329,-0.01075
-0.007916666666666664,-0.04558333333333336,0.0042500000000000124,0.00025000000000000716
-0.013500000000000009,-0.02400000000000001,-0.0014999999999999875,-0.009999999999999995
-0.021500000000000005,-0.022833333333333344,-0.004499999999999997,-0.00016666666666665525
-0.034916666666666686,-0.02108333333333334,0.001083333333333339,0.005916666666666679
-0.030833333333333338,-0.019000000000000017,0.002333333333333347,-0.0014999999999999968
-0.024000000000000004,-0.025000000000000015,0.0020000000000000087,-0.0019999999999999957
-0.02291666666666668,-0.020250000000000008,-0.0009166666666666559,-0.0049166666666666595
-0.011916666666666674,-0.022583333333333334,-0.005583333333333329,-0.008916666666666665
-0.03225000000000001,-0.0077499999999999965,0.0004166666666666763,-0.009416666666666674
0.1993333333333333,0.4261666666666668,0.15616666666666645,0.16933333333333328
-0.053916666666666696,0.039416666666666704,-8.33333333333311e-05,-0.034416666666666686
-0.015000000000000003,-0.03016666666666669,-0.008000000000000002,0.0041666666666666866
-0.02250000000000001,-0.02366666666666668,0.004833333333333349,-0.007666666666666662
-0.0606666666666667,0.05616666666666671,-0.006000000000000005,-0.03850000000000001
0.028666666666666698,-0.07316666666666673,-0.006499999999999989,0.0020000000000000157
-0.029583333333333347,-0.019250000000000007,0.0050833333333333425,-0.005249999999999993
-0.03150000000000002,-0.012833333333333337,-0.003833333333333326,-0.0008333333333333179
0.06158333333333337,-0.11125000000000006,-0.008583333333333332,0.009250000000000019
-0.018416666666666675,-0.00541666666666666,-0.009083333333333327,-0.016083333333333342
-0.005833333333333327,-0.04883333333333337,0.0033333333333333483,0.002333333333333347
-0.018833333333333337,-0.019833333333333345,-0.00216666666666665,-0.008166666666666666
-0.034583333333333355,0.08258333333333341,-0.06008333333333338,-0.03691666666666668
-0.014583333333333339,-0.024250000000000015,0.0010833333333333459,-0.011249999999999996
0.37508333333333344,0.40591666666666676,0.11841666666666667,0.0515833333333332
-0.03416666666666668,-0.01283333333333334,-0.006999999999999997,0.005000000000000018
-0.015750000000000007,-0.019750000000000004,-0.00424999999999999,-0.009250000000000003
-0.013833333333333333,-0.010666666666666672,-0.012333333333333333,-0.01216666666666667
-0.03583333333333335,0.0053333333333333436,0.004500000000000018,-0.02300000000000001
-0.07183333333333342,0.01700000000000003,-0.002999999999999968,0.008833333333333354
-0.006833333333333333,-0.02633333333333334,-0.01550000000000001,-0.0003333333333333244
-0.013166666666666672,-0.022666666666666672,-0.001999999999999995,-0.011166666666666663
-0.015666666666666672,-0.03433333333333334,0.0011666666666666724,-0.00016666666666665525
-0.06550000000000004,0.007666666666666681,0.006333333333333344,0.002500000000000016
-0.011916666666666666,-0.010749999999999996,-0.012750000000000004,-0.013583333333333336
-0.021333333333333343,-0.021000000000000005,-0.005833333333333336,-0.0008333333333333179
-0.044333333333333357,0.010833333333333346,0.003666666666666679,-0.019166666666666672
-0.008583333333333328,-0.034583333333333355,-0.0015833333333333185,-0.004249999999999995
-0.02283333333333334,-0.020166666666666676,-0.005499999999999995,-0.0004999999999999866
0.2310833333333332,0.45608333333333373,0.13224999999999984,0.13158333333333316
-0.018916666666666665,-0.019916666666666673,-0.002083333333333326,-0.008083333333333336
-0.026583333333333348,-0.024583333333333346,0.001250000000000014,0.0009166666666666767
-0.02166666666666667,-0.02283333333333334,-0.00833333333333333,0.0038333333333333414
-0.016166666666666666,-0.01683333333333334,-0.008833333333333334,-0.007166666666666668
0.10991666666666676,-0.14958333333333346,0.01925000000000003,-0.02858333333333334
-0.027500000000000014,-0.008999999999999996,-0.007500000000000001,-0.0049999999999999906
-0.005499999999999994,-0.04550000000000003,-0.0004999999999999935,0.002500000000000008
-0.013166666666666672,-0.02083333333333334,-0.004833333333333328,-0.010166666666666668
-0.01891666666666666,-0.0072499999999999995,-0.011250000000000001,-0.011583333333333336
-0.02108333333333334,-0.021916666666666678,-0.005249999999999993,-0.0007499999999999937
-0.02008333333333334,-0.016083333333333342,-0.010583333333333333,-0.002249999999999988
-0.01291666666666667,-0.026083333333333344,-0.003249999999999989,-0.006749999999999997
0.016583333333333356,-0.035750000000000025,-0.024416666666666684,-0.005416666666666653
-0.015166666666666667,-0.021333333333333353,-0.009166666666666662,-0.00333333333333332
-0.02383333333333334,-0.02483333333333335,0.0018333333333333465,-0.0021666666666666596
-0.044000000000000025,0.011166666666666693,-0.007333333333333331,-0.008833333333333339
0.0326666666666667,-0.04766666666666669,-0.012833333333333342,-0.021166666666666674
-0.020916666666666663,-0.033250000000000016,0.004416666666666673,0.0007500000000000076
-0.024333333333333346,-0.011000000000000003,-0.005833333333333329,-0.007833333333333328
-0.022166666666666675,-0.024166666666666677,0.004333333333333349,-0.006999999999999997
-0.018333333333333337,-0.019500000000000003,-0.0036666666666666584,-0.007499999999999998
-0.02683333333333334,-0.01616666666666667,-0.004666666666666664,-0.0013333333333333253
-0.0175,-0.03283333333333335,0.0038333333333333483,-0.0024999999999999944
-0.02083333333333334,-0.03400000000000002,0.006500000000000012,-0.0006666666666666557
-0.004916666666666662,-0.031083333333333334,-0.00041666666666666935,-0.012583333333333342
-0.024750000000000005,-0.018083333333333344,-0.003083333333333327,-0.003083333333333329
-0.019166666666666672,-0.02016666666666667,-0.00883333333333333,-0.0008333333333333248
-0.019083333333333334,-0.033250000000000016,0.003583333333333341,-0.0002499999999999933
-0.017833333333333336,-0.01866666666666668,-0.0059999999999999845,-0.006499999999999998
-0.017333333333333333,-0.018166666666666675,-0.005333333333333329,-0.00816666666666667
-0.07275000000000005,0.020083333333333366,-0.00041666666666666935,0.004083333333333346
-0.010249999999999999,-0.02491666666666667,-0.011416666666666672,-0.002416666666666664
-0.04675000000000003,8.333333333333803e-05,0.0027500000000000133,-0.00508333333333333
-0.017916666666666685,-0.02008333333333334,-0.0062499999999999925,-0.00474999999999999
-0.023416666666666665,-0.01308333333333335,-0.0037499999999999895,-0.008749999999999996
-0.00708333333333333,-0.021583333333333336,-0.009916666666666669,-0.010416666666666666
-0.029750000000000013,0.002416666666666678,-0.005416666666666666,-0.01625
-0.02308333333333334,-0.022416666666666682,0.003583333333333355,-0.007083333333333331
-0.019916666666666673,-0.024083333333333342,-0.002916666666666665,-0.002083333333333326
-0.007416666666666662,-0.02525000000000001,-0.004083333333333328,-0.012250000000000004
-0.009083333333333332,-0.01641666666666667,-0.011416666666666672,-0.012083333333333328
-0.023000000000000013,-0.024166666666666677,-0.0019999999999999896,0.00016666666666667607
-0.012833333333333339,-0.02233333333333334,-0.0038333333333333275,-0.009999999999999995
0.27750000000000014,0.47066666666666684,0.08083333333333298,0.12199999999999996
0.5521666666666669,0.2168333333333335,0.08016666666666639,0.10183333333333322
-0.01866666666666667,-0.015166666666666676,-0.011499999999999996,-0.0036666666666666584
-0.016333333333333342,-0.022000000000000002,-0.010166666666666668,-0.0004999999999999866
-0.030583333333333344,-0.018916666666666672,0.001250000000000008,-0.0007499999999999912
-0.02191666666666668,-0.013916666666666666,-0.006583333333333327,-0.006583333333333323
-0.013333333333333341,-0.02616666666666667,-0.002999999999999989,-0.006499999999999998
-0.0808333333333334,0.019000000000000024,-0.004666666666666652,0.017500000000000022
-0.027166666666666676,-0.01216666666666667,-0.007666666666666667,-0.001999999999999988
-0.022666666666666675,-0.02900000000000001,-0.008833333333333334,0.01150000000000001
-0.018583333333333344,-0.019416666666666672,-0.005249999999999984,-0.005749999999999998
-0.015166666666666679,-0.02133333333333334,-0.0028333333333333266,-0.00966666666666666
-0.01566666666666667,-0.03466666666666668,-0.0030000000000000005,0.004333333333333349
-0.02266666666666667,-0.025000000000000015,-0.0013333333333333183,0.0
-0.004249999999999997,-0.03691666666666669,0.003583333333333348,-0.011416666666666667
0.1753333333333335,-0.07666666666666673,-0.14033333333333348,-0.007333333333333303
-0.018833333333333337,-0.019666666666666676,-0.0034999999999999892,-0.006999999999999999
-0.019333333333333338,-0.02283333333333334,0.00416666666666668,-0.011000000000000005
-0.021916666666666675,-0.022416666666666675,-0.004249999999999994,-0.00041666666666665547
-0.009083333333333332,-0.02591666666666667,-0.010750000000000003,-0.003249999999999996
-0.001499999999999992,-0.03000000000000001,0.00033333333333333826,-0.017833333333333336
0.033750000000000044,-0.08525000000000008,-0.00308333333333332,0.005583333333333351
-0.02241666666666668,-0.023250000000000017,-0.002583333333333324,-0.0007499999999999798
-0.02483333333333334,-0.02583333333333335,0.00233333333333334,-0.0006666666666666488
-0.02116666666666667,-0.013000000000000003,-0.0004999999999999866,-0.01433333333333334
-0.023416666666666683,-0.018083333333333333,-0.003416666666666658,-0.004083333333333328
-0.01241666666666667,-0.03425000000000002,-0.002583333333333326,0.0002500000000000141
-0.035000000000000024,-0.01616666666666667,-0.0026666666666666583,0.004833333333333349
-0.020250000000000015,-0.020416666666666673,-0.005416666666666658,-0.0029166666666666577
-0.022916666666666675,-0.02525000000000001,-0.0014166666666666611,0.0005833333333333454
-0.015666666666666672,-0.014500000000000004,-0.007499999999999993,-0.011333333333333332
-0.10666666666666674,0.028000000000000032,0.017833333333333357,0.011833333333333362
-0.035416666666666693,-0.00891666666666667,0.0019166666666666846,-0.006583333333333324
-0.017333333333333343,-0.027666666666666683,-0.0034999999999999875,-0.0004999999999999866
0.07325000000000007,-0.11375000000000007,-0.012583333333333327,0.004083333333333335
-0.005499999999999994,-0.03350000000000002,-0.0036666666666666584,-0.006333333333333327
-0.02266666666666667,-0.02400000000000002,-0.000999999999999987,-0.001333333333333328
0.27025000000000005,0.5057500000000003,0.1810833333333332,-0.0060833333333335515
-0.006999999999999993,-0.04183333333333337,0.004000000000000017,-0.004166666666666661
0.006416666666666682,-0.02708333333333335,-0.009249999999999987,-0.019083333333333345
-0.023416666666666683,-0.018083333333333333,-0.003416666666666658,-0.004083333333333328
-0.03458333333333334,-0.003749999999999993,0.00441666666666668,-0.015083333333333344
0.4420833333333334,0.35641666666666677,0.05074999999999985,0.10174999999999994
-0.019500000000000014,-0.020500000000000008,-0.008166666666666659,-0.0008333333333333248
0.03300000000000003,-0.08600000000000003,-0.0029999999999999957,0.006999999999999999
-0.025416666666666674,-0.012250000000000002,-0.003416666666666665,-0.007916666666666664
-0.013083333333333336,-0.036916666666666695,0.0032500000000000168,-0.0022499999999999903
-0.021916666666666675,-0.023083333333333345,-0.0035833333333333255,-0.00041666666666665547
-0.07091666666666671,0.009083333333333339,0.022416666666666696,-0.009583333333333327
-0.03191666666666668,-0.022916666666666675,0.00041666666666668323,0.0054166666666666755
-0.044250000000000025,-0.011583333333333333,0.007250000000000009,-0.00041666666666664853
-0.008166666666666662,-0.03166666666666669,-0.014499999999999996,0.00533333333333335
-0.030416666666666668,0.010250000000000023,-0.009083333333333336,-0.01975000000000002
-0.02791666666666669,-0.016916666666666663,0.004750000000000018,-0.008916666666666666
-0.02408333333333334,-0.02125000000000002,-0.0030833333333333242,-0.0005833333333333177
-0.03858333333333336,-0.019916666666666666,0.002583333333333347,0.006916666666666677
-0.02950000000000002,-0.02000000000000001,0.0021666666666666848,-0.0016666666666666583
0.016583333333333356,-0.06258333333333338,-0.007416666666666663,0.004416666666666687
-0.009916666666666667,-0.019416666666666665,-0.010416666666666673,-0.009249999999999994
-0.020083333333333342,-0.020750000000000008,-0.0050833333333333295,-0.003083333333333327
-0.01200000000000001,-0.03483333333333335,-0.007333333333333331,0.0051666666666666874
-0.007249999999999999,-0.02891666666666668,-0.0014166666666666564,-0.011416666666666667
-0.015166666666666677,-0.024666666666666684,-0.0028333333333333197,-0.006333333333333323
-0.014916666666666677,-0.020583333333333342,-0.009583333333333327,-0.003916666666666659
-0.02566666666666667,-0.028166666666666673,0.0008333333333333387,0.0040000000000000036
-0.02400000000000001,-0.02633333333333334,0.0008333333333333411,0.0005000000000000143
-0.008416666666666664,-0.022083333333333344,-0.01608333333333334,-0.0024166666666666572
-0.016333333333333342,-0.03966666666666668,0.004666666666666677,0.00233333333333334
0.029083333333333367,-0.0795833333333334,-0.002083333333333319,0.003583333333333346
0.6405000000000003,0.19399999999999998,0.0778333333333332,0.038666666666666516
-0.017249999999999995,-0.013916666666666678,-0.006749999999999999,-0.011083333333333332
0.07250000000000006,-0.07016666666666671,0.01433333333333335,-0.0656666666666667
-0.012500000000000002,-0.019833333333333338,-0.006999999999999999,-0.009666666666666665
0.1141666666666666,0.646666666666667,0.09883333333333329,0.09133333333333304
-0.03325000000000001,-0.023250000000000014,0.0029166666666666785,0.004583333333333344
0.37891666666666696,0.1889166666666665,0.2084166666666666,0.17474999999999985
0.0031666666666666995,0.011166666666666688,-0.0036666666666666636,-0.05966666666666672
-0.021500000000000005,-0.022666666666666686,-0.00466666666666666,-0.00016666666666665525
-0.009166666666666665,-0.029166666666666684,-0.016666666666666677,0.006000000000000026
-0.021500000000000002,-0.018333333333333344,0.0008333333333333456,-0.010000000000000004
-0.021750000000000012,-0.02658333333333334,-0.0015833333333333264,0.0009166666666666767
-0.01708333333333334,-0.017750000000000012,-0.00891666666666666,-0.005249999999999991
-0.05458333333333336,0.0020833333333333402,0.003916666666666676,-0.0004166666666666624
-0.010666666666666666,-0.02116666666666667,-0.0095,-0.007666666666666662
-0.017333333333333336,-0.018166666666666675,-0.00566666666666666,-0.007833333333333331
-0.011750000000000003,-0.03975000000000003,0.002083333333333345,0.00041666666666668323
-0.027416666666666686,-0.02975000000000002,0.003583333333333355,0.00458333333333335
-0.021333333333333343,-0.022166666666666685,-0.004666666666666657,-0.0008333333333333179
-0.01708333333333334,-0.022750000000000013,-0.00891666666666666,-0.00024999999999998634
-0.013000000000000005,-0.019666666666666673,-0.0048333333333333214,-0.011500000000000003
0.1077500000000001,-0.16208333333333344,0.004916666666666681,0.0004166666666666624
-0.02883333333333334,-0.006000000000000004,-0.013000000000000003,-0.0011666666666666561
-0.014000000000000004,-0.031833333333333345,-0.000999999999999987,-0.002166666666666662
-0.007499999999999997,-0.032500000000000015,-0.0028333333333333197,-0.006166666666666665
-0.01975000000000001,-0.014416666666666664,-0.004583333333333328,-0.010249999999999997
-0.02125,-0.022750000000000013,-0.004583333333333332,-0.0004166666666666624
-0.014000000000000007,-0.03366666666666668,0.0013333333333333391,-0.0026666666666666583
-0.027166666666666672,-0.016500000000000004,-0.004166666666666663,-0.001166666666666663
-0.012250000000000006,-0.03475000000000001,-0.0017499999999999937,-0.0002499999999999933
-0.0017499999999999877,-0.023916666666666683,-0.013583333333333336,-0.009749999999999995
-0.02166666666666667,-0.022500000000000013,-0.004166666666666662,-0.0006666666666666488
-0.02025000000000001,-0.03408333333333335,0.0014166666666666772,0.003916666666666679
-0.011833333333333335,-0.03483333333333335,-0.003333333333333326,0.0010000000000000078
-0.013500000000000002,-0.036166666666666694,0.0020000000000000157,-0.0013333333333333244
-0.021416666666666678,-0.022083333333333344,-0.004583333333333322,-0.0009166666666666559
-0.014750000000000008,-0.03425000000000002,0.0009166666666666837,-0.0009166666666666599
-0.017333333333333343,-0.02116666666666667,-0.0063333333333333314,-0.004166666666666659
0.006833333333333337,-0.07750000000000003,0.0076666666666666775,0.014000000000000007
-0.051500000000000025,0.03416666666666669,-0.030166666666666675,-0.0015000000000000013
-0.022250000000000006,-0.022583333333333348,-0.002749999999999995,-0.0014166666666666564
-0.021666666666666674,-0.02166666666666667,-0.00483333333333333,-0.0008333333333333248
-0.016166666666666676,-0.007499999999999998,-0.006999999999999985,-0.018333333333333337
-0.019500000000000003,-0.02200000000000001,0.00650000000000002,-0.014000000000000012
-0.04583333333333335,-0.0003333333333333244,0.0026666666666666766,-0.005500000000000002
-0.016333333333333325,-0.025666666666666685,-0.002166666666666657,-0.0048333333333333344
-0.03525000000000002,-0.007249999999999999,-0.004749999999999995,-0.0017499999999999877
-0.016833333333333343,-0.014666666666666666,-0.004333333333333328,-0.013166666666666669
0.010750000000000018,-0.05541666666666671,-0.006916666666666664,0.002583333333333354
-0.024500000000000008,-0.024666666666666677,0.0030000000000000096,-0.0028333333333333283
-0.010166666666666664,-0.02116666666666668,-0.0071666666666666615,-0.010499999999999997
-0.028916666666666667,-0.018416666666666685,0.002416666666666678,-0.004083333333333326
-0.0022499999999999946,-0.04191666666666669,-0.004416666666666658,-0.00041666666666665547
-0.017499999999999995,-0.013166666666666672,-0.009833333333333336,-0.008499999999999994
-0.010583333333333327,-0.021250000000000015,-0.00591666666666666,-0.011250000000000001
-0.030250000000000016,-0.023083333333333345,0.0030833333333333468,0.001250000000000008
0.524666666666667,0.35366666666666663,0.0431666666666666,0.02949999999999975
-0.017833333333333347,-0.0335,0.0025000000000000087,-0.0001666666666666622
-0.01908333333333333,-0.019916666666666673,-0.0035833333333333273,-0.0064166666666666695
-0.025750000000000012,-0.01725000000000001,-0.003749999999999993,-0.002249999999999988
-0.018000000000000002,-0.012333333333333337,-0.010166666666666666,-0.0085
-0.014083333333333331,-0.011416666666666672,-0.010916666666666665,-0.012583333333333332
-0.020166666666666666,-0.006999999999999999,-0.013333333333333338,-0.0085
-0.015166666666666672,-0.027333333333333334,-0.007333333333333334,0.0008333333333333387
-0.007499999999999993,-0.022000000000000013,-0.011166666666666663,-0.008333333333333333
-0.024583333333333342,-0.026916666666666686,0.003916666666666676,-0.0014166666666666494
-0.019333333333333334,-0.020333333333333342,-0.000999999999999987,-0.008333333333333337
-0.03125000000000003,-0.006916666666666665,-0.006749999999999994,-0.004083333333333314
-0.030833333333333345,-0.02133333333333334,0.003833333333333339,-0.0006666666666666626
-0.028750000000000008,-0.006916666666666665,-0.005916666666666667,-0.0074166666666666626
-0.013166666666666665,-0.019833333333333335,-0.004166666666666666,-0.011833333333333338
-0.024416666666666673,-0.011583333333333331,0.0002500000000000141,-0.013250000000000008
-0.017166666666666667,-0.03133333333333335,0.0005000000000000074,-0.0009999999999999907
-0.07500000000000004,0.01816666666666669,0.0036666666666666722,0.004166666666666674
-0.011666666666666672,-0.02416666666666668,-0.010166666666666664,-0.002999999999999982
-0.01816666666666668,-0.02033333333333333,-0.0063333333333333314,-0.004166666666666659
-0.02266666666666667,-0.025000000000000015,-0.0013333333333333183,0.0
-0.04108333333333336,-0.008249999999999999,0.00725000000000002,-0.006916666666666661
-0.07675000000000005,0.009583333333333352,0.019250000000000017,-0.001083333333333318
-0.024416666666666684,-0.026083333333333337,0.001250000000000008,0.00025000000000000716
-0.008999999999999987,-0.02183333333333335,-0.0026666666666666575,-0.015500000000000009
0.012750000000000025,-0.03975000000000003,-0.012916666666666667,-0.009083333333333336
0.012500000000000028,-0.0748333333333334,0.008666666666666685,0.004666666666666694
-0.022250000000000006,-0.023250000000000017,0.0005833333333333524,-0.004083333333333327
-0.008583333333333333,-0.038750000000000014,-0.0019166666666666607,0.00025000000000000716
-0.048166666666666684,0.038833333333333366,-0.032500000000000015,-0.007166666666666675
-0.022333333333333347,-0.026833333333333344,0.0006666666666666765,-0.0004999999999999858
0.2653333333333332,0.5370000000000005,-0.03800000000000048,0.18666666666666676
-0.021750000000000012,-0.02258333333333334,-0.004583333333333328,-8.333333333332416e-05
-0.010666666666666665,-0.019833333333333345,-0.007666666666666662,-0.01083333333333333
-0.009666666666666669,-0.020000000000000004,-0.004833333333333328,-0.0145
-0.0903333333333334,0.04950000000000005,-0.028833333333333346,0.020666666666666694
-0.02016666666666667,-0.021166666666666677,0.0006666666666666765,-0.008333333333333333
-0.028166666666666677,-0.02400000000000001,-0.002999999999999989,0.006166666666666676
-0.023833333333333345,-0.023166666666666686,-0.001666666666666657,-0.00033333333333331744
-0.017833333333333333,-0.01616666666666668,-0.006333333333333316,-0.008666666666666666
0.0026666666666666766,-0.03183333333333335,-0.0006666666666666557,-0.019166666666666672
-0.02358333333333334,-0.024583333333333346,0.002416666666666685,-0.003249999999999994
-0.007666666666666662,-0.029000000000000015,-0.0008333333333333248,-0.011500000000000002
-0.016500000000000004,-0.027000000000000017,0.001333333333333353,-0.006833333333333329
-0.025833333333333337,0.0016666666666666774,-0.008333333333333337,-0.016500000000000004
-0.033166666666666685,0.008166666666666683,-0.0076666666666666584,-0.01633333333333335
-0.017333333333333336,-0.018166666666666675,-0.00566666666666666,-0.007833333333333331
-0.015750000000000007,-0.019750000000000004,-0.00424999999999999,-0.009250000000000003
-0.01525,-0.029083333333333343,-0.0007499999999999937,-0.003916666666666667
0.2693333333333334,0.47616666666666674,0.1946666666666666,0.01083333333333314
0.004750000000000018,-0.03091666666666669,-0.006749999999999991,-0.01608333333333334
0.007750000000000021,-0.02708333333333335,-0.016083333333333335,-0.013583333333333334
-0.01691666666666667,-0.020416666666666666,-0.00941666666666667,-0.002249999999999995
-0.016166666666666666,-0.01683333333333334,-0.008833333333333334,-0.007166666666666668
-0.022916666666666672,-0.024083333333333335,-0.005250000000000003,0.00325000000000001
-0.03066666666666668,-0.02583333333333334,-0.000999999999999994,0.008500000000000013
-0.0115,-0.03416666666666669,-0.0031666666666666575,-0.00016666666666665525
-0.016166666666666676,-0.02583333333333335,-0.00333333333333332,-0.0036666666666666575
-0.01825000000000001,-0.014749999999999996,0.003416666666666679,-0.019416666666666676
-0.018916666666666686,-0.017750000000000002,-0.0017499999999999877,-0.01058333333333333
-0.027666666666666676,0.002166666666666676,0.0008333333333333387,-0.024333333333333346
-0.008833333333333325,-0.020000000000000007,-0.010500000000000004,-0.009666666666666664
-0.04050000000000002,-0.010666666666666661,0.003833333333333342,-0.0016666666666666635
-0.008583333333333333,-0.021583333333333343,-0.01158333333333333,-0.0072499999999999995
-0.018583333333333344,-0.022416666666666675,-0.009916666666666666,0.0019166666666666846
-0.04025000000000003,-0.0017499999999999937,-0.006916666666666659,-8.333333333331722e-05
-0.02050000000000001,-0.034833333333333334,0.0050000000000000044,0.0013333333333333391
-0.005249999999999998,-0.022250000000000016,-0.011416666666666665,-0.010083333333333326
-0.0439166666666667,0.005916666666666688,-0.00624999999999999,-0.004749999999999995
0.2885833333333335,0.5989166666666668,-0.003583333333333605,0.06708333333333329
-0.020166666666666676,-0.02300000000000001,0.0010000000000000148,-0.006833333333333333
-0.07150000000000006,0.008333333333333356,0.014833333333333358,-0.0006666666666666488
-0.01783333333333334,-0.016166666666666673,-0.006833333333333323,-0.008166666666666662
-0.01558333333333334,-0.029416666666666685,-0.0012499999999999803,-0.002749999999999993
-0.018750000000000017,-0.032250000000000015,0.004750000000000018,-0.002749999999999987
-0.08725000000000006,0.04441666666666671,0.004583333333333356,-0.010750000000000006
-0.017000000000000015,-0.019500000000000003,-0.0014999999999999875,-0.010999999999999998
-0.03183333333333334,-0.01950000000000001,0.004000000000000007,-0.0016666666666666635
-0.024583333333333336,-0.003416666666666665,-0.007916666666666664,-0.013083333333333341
-0.02616666666666668,-0.003166666666666658,-0.005833333333333327,-0.013833333333333336
-0.019500000000000003,-0.014666666666666672,-0.006666666666666661,-0.008166666666666664
-0.044666666666666695,-0.00533333333333332,0.0030000000000000096,-0.0019999999999999974
-0.009833333333333333,-0.0195,-0.00566666666666666,-0.014000000000000007
-0.013749999999999995,-0.019416666666666683,-0.002249999999999988,-0.013583333333333336
-0.02116666666666667,-0.02200000000000001,-0.001999999999999988,-0.0038333333333333323
-0.026416666666666675,-0.009583333333333334,-0.008083333333333333,-0.0049166666666666595
-0.022333333333333354,-0.023166666666666665,-0.0033333333333333236,-0.0001666666666666622
-0.023000000000000007,-0.021500000000000016,-0.00216666666666665,-0.0023333333333333236
-0.030083333333333347,-0.018416666666666675,0.00441666666666668,-0.0049166666666666595
-0.03008333333333335,-0.017750000000000002,0.0004166666666666763,-0.0015833333333333264
-0.006916666666666665,-0.04625000000000002,0.004750000000000014,-0.0005833333333333315
-0.02358333333333334,-0.024416666666666677,-0.0005833333333333285,-0.00041666666666665547
-0.016166666666666666,-0.01683333333333334,-0.008833333333333334,-0.007166666666666668
-0.019500000000000003,-0.015166666666666667,-0.010166666666666671,-0.004166666666666659
0.3845833333333334,0.4110833333333335,0.10108333333333326,0.05424999999999969
-0.0034999999999999892,-0.0245,-0.012666666666666675,-0.008333333333333337
-0.01391666666666667,-0.01291666666666667,-0.005916666666666667,-0.01625
-0.0165,-0.01716666666666667,-0.007833333333333331,-0.0075
-0.025500000000000012,-0.02650000000000001,0.0028333333333333405,0.00016666666666667607
-0.01641666666666667,-0.03525000000000002,0.0025833333333333433,8.333333333334497e-05
-0.04466666666666669,0.010500000000000015,-0.016333333333333346,0.0015000000000000152
0.00833333333333335,-0.062000000000000055,-0.004166666666666659,0.008833333333333356
-0.037166666666666674,-0.018166666666666675,0.0001666666666666622,0.00616666666666668
-0.03016666666666669,0.005500000000000026,-0.014833333333333332,-0.009500000000000008
-0.007999999999999997,-0.022833333333333344,-0.007333333333333331,-0.010833333333333335
-0.004499999999999997,-0.022666666666666675,-0.011833333333333335,-0.009999999999999997
-0.030583333333333344,-0.009083333333333334,-0.005916666666666662,-0.003416666666666665
-0.022333333333333344,-0.023666666666666683,0.0041666666666666866,-0.007166666666666663
0.03150000000000003,-0.11550000000000006,0.01850000000000002,0.016500000000000015
-0.02125,-0.010416666666666666,-0.007416666666666662,-0.009916666666666669
-0.024000000000000014,0.004333333333333349,-0.014833333333333339,-0.014499999999999997
-0.017000000000000008,-0.03866666666666668,0.0016666666666666774,0.005000000000000013
-0.03741666666666668,-0.005249999999999994,-0.005916666666666671,-0.0004166666666666624
-0.008833333333333332,-0.03050000000000001,-0.003166666666666658,-0.006499999999999998
-0.017166666666666663,-0.018000000000000016,-0.005833333333333322,-0.007999999999999998
-0.011499999999999996,-0.030666666666666686,-0.006999999999999999,0.000166666666666683
-0.07283333333333339,0.010500000000000016,0.008333333333333352,0.005000000000000018
-0.0061666666666666675,-0.02500000000000001,-0.01266666666666667,-0.005166666666666653
-0.02058333333333334,-0.021416666666666674,-0.005416666666666661,-0.0015833333333333324
-0.02108333333333334,-0.022250000000000006,-0.0049166666666666655,-0.0007499999999999868
0.02033333333333336,-0.07283333333333339,-0.002333333333333319,0.005833333333333349
0.004000000000000014,0.001166666666666677,-0.05833333333333338,0.004166666666666684
-0.015583333333333341,-0.014250000000000002,-0.009416666666666657,-0.009749999999999998
-0.02275000000000001,-0.02391666666666668,-0.0017499999999999927,-0.0005833333333333177
-0.02083333333333334,-0.021833333333333343,-0.0004999999999999866,-0.00583333333333333
-0.009916666666666664,-0.02075000000000001,-0.01075,-0.007583333333333324
0.35650000000000004,0.4445000000000002,0.1141666666666667,0.03583333333333305
-0.017000000000000008,-0.017666666666666678,-0.008833333333333328,-0.005499999999999991
-0.023583333333333335,-0.025916666666666685,0.0002500000000000054,0.00025000000000000716
-0.014000000000000005,-0.027833333333333352,-0.003999999999999991,-0.003166666666666651
-0.02058333333333335,-0.01891666666666667,-0.005916666666666665,-0.0035833333333333134
-0.017916666666666674,-0.014916666666666674,-0.009749999999999995,-0.006416666666666661
-0.021416666666666674,-0.02225000000000001,-0.004749999999999998,-0.0005833333333333177
0.30925000000000014,0.44141666666666673,0.08108333333333329,0.1192499999999999
-0.010416666666666664,-0.02491666666666667,-0.0030833333333333338,-0.010583333333333335
-0.023750000000000004,-0.010916666666666668,-0.012250000000000006,-0.002083333333333326
-0.022083333333333347,-0.02291666666666667,-0.0029166666666666616,-0.001083333333333325
-0.02150000000000001,-0.022166666666666678,-0.004833333333333324,-0.0004999999999999935
-0.01825000000000001,-0.014250000000000002,-0.00975,-0.006749999999999985
-0.02933333333333335,-0.010833333333333334,-0.004166666666666659,-0.00466666666666666
-0.033916666666666685,-0.008583333333333323,0.006083333333333357,-0.012583333333333347
-0.023666666666666666,0.0040000000000000105,-0.009833333333333324,-0.01950000000000002
-0.024416666666666673,-0.02675000000000001,-0.0019166666666666637,0.004083333333333345
0.012583333333333354,-0.05941666666666671,-0.006583333333333327,0.00441666666666668
-0.022166666666666675,-0.017666666666666678,0.001166666666666684,-0.010333333333333335
-0.009749999999999995,-0.022916666666666675,-0.004583333333333328,-0.011750000000000005
-0.005916666666666657,-0.048583333333333374,-0.0015833333333333185,0.007083333333333351
-0.04158333333333337,-0.0012499999999999872,0.007916666666666685,-0.01408333333333333
-0.013833333333333338,-0.017666666666666664,-0.0095,-0.008
-0.013666666666666667,-0.03400000000000001,-0.0011666666666666635,-0.0001666666666666622
-0.024833333333333343,-0.025833333333333344,0.0025000000000000087,-0.0008333333333333248
-0.015666666666666676,-0.020833333333333336,-0.0036666666666666584,-0.00883333333333333
-0.007666666666666662,-0.022500000000000006,-0.010333333333333335,-0.0085
-0.020916666666666674,-0.021916666666666685,8.333333333335191e-05,-0.0062499999999999925
-0.019833333333333338,-0.034000000000000016,0.004500000000000005,0.00033333333333335213
-0.0002499999999999933,-0.040916666666666685,-0.009083333333333334,0.001250000000000008
0.3655833333333335,0.33275,0.24841666666666679,0.004249999999999754
-0.023666666666666676,-0.02716666666666668,0.0010000000000000098,0.0008333333333333456
-0.06225000000000004,0.01791666666666669,-0.008083333333333335,0.003416666666666679
-0.021500000000000005,-0.022666666666666686,-0.00466666666666666,-0.00016666666666665525
-0.01766666666666667,-0.018333333333333337,-0.009166666666666667,-0.0038333333333333275
-0.01816666666666667,-0.018833333333333344,-0.009166666666666665,-0.0028333333333333197
-0.018666666666666668,-0.019333333333333334,-0.006666666666666666,-0.004333333333333328
-0.035250000000000024,-0.0019166666666666512,-0.013416666666666672,0.0015833333333333463
-0.002166666666666664,-0.03750000000000001,-0.013833333333333336,0.004500000000000014
0.0040833333333333485,-0.02708333333333334,-0.005583333333333331,-0.02041666666666668
-0.021916666666666678,-0.014083333333333333,-0.006416666666666654,-0.006583333333333333
0.007833333333333359,-0.02950000000000002,-0.015333333333333343,-0.012
-0.018166666666666664,-0.019833333333333338,-0.009000000000000001,-0.001999999999999995
-0.03691666666666669,-0.0029166666666666603,-0.008916666666666663,-0.0002499999999999933
-0.022166666666666675,-0.02300000000000001,-0.003333333333333326,-0.0004999999999999866
-0.026833333333333338,-0.015000000000000013,0.0003333333333333452,-0.007500000000000001
0.6457500000000004,0.21774999999999994,-0.012083333333333668,0.09958333333333329
0.01925000000000002,-0.002416666666666664,-0.03291666666666668,-0.032916666666666684
-0.0165,-0.01716666666666667,-0.007833333333333331,-0.0075
-0.009999999999999997,-0.02266666666666668,-0.007666666666666655,-0.008666666666666666
-0.02783333333333334,-0.030166666666666682,0.00416666666666668,0.00483333333333334
-0.031833333333333345,-0.010500000000000004,-0.005666666666666666,-0.000999999999999987
-0.019750000000000004,-0.020416666666666673,-0.007750000000000001,-0.001083333333333325
-0.017583333333333347,-0.008749999999999994,-0.006416666666666661,-0.01625
-0.027166666666666676,-0.009333333333333338,-0.004666666666666666,-0.007833333333333328
-0.014916666666666661,-0.018750000000000013,-0.006583333333333323,-0.008749999999999999
-0.018999999999999996,-0.01383333333333334,-0.00633333333333333,-0.009833333333333336
-0.017333333333333343,-0.0215,-0.007166666666666666,-0.002999999999999989
0.028583333333333363,-0.03525000000000002,-0.022250000000000016,-0.020083333333333335
-0.03658333333333334,-0.0035833333333333303,-0.007750000000000005,-0.001083333333333325
-0.0011666666666666561,-0.032833333333333346,-0.0013333333333333292,-0.013666666666666669
-0.020416666666666673,-0.024416666666666684,-0.003249999999999993,-0.000916666666666649
-0.02558333333333335,-0.02491666666666667,0.0024166666666666746,-0.0009166666666666629
-0.18658333333333346,0.09391666666666675,0.03358333333333336,0.010083333333333354
0.0020833333333333537,-0.04358333333333336,-0.005083333333333326,-0.002416666666666665
-0.02775000000000001,-0.007583333333333336,-0.011583333333333333,-0.002083333333333319
-0.019750000000000007,-0.02041666666666668,-0.00758333333333333,-0.0012499999999999872
0.003416666666666679,-0.020750000000000005,-0.017083333333333336,-0.01458333333333334
-0.029333333333333343,-0.02050000000000001,0.0075000000000000205,-0.006666666666666665
-0.029833333333333347,-0.010833333333333334,0.003333333333333355,-0.011666666666666672
-0.017416666666666678,-0.012583333333333335,-0.005249999999999991,-0.013749999999999997
-0.016500000000000008,-0.01633333333333334,-0.010999999999999996,-0.00516666666666666
-0.018083333333333333,-0.020916666666666674,-0.001083333333333325,-0.00891666666666667
-0.010083333333333338,-0.032583333333333346,-0.0065833333333333325,0.0002500000000000141
-0.03725000000000001,0.006583333333333349,0.001083333333333339,-0.01941666666666668
-0.011250000000000003,-0.025416666666666678,-8.333333333331722e-05,-0.01225
0.0050833333333333425,-0.02758333333333335,-0.00908333333333333,-0.017416666666666667
-0.02408333333333334,-0.026416666666666682,0.0012500000000000057,0.00025000000000000716
-0.011916666666666667,-0.017083333333333346,-0.010916666666666663,-0.009083333333333325
0.2754999999999999,0.1841666666666666,0.18566666666666665,0.3056666666666668
-0.020000000000000004,-0.012666666666666675,-0.0059999999999999915,-0.010333333333333333
-0.02208333333333334,-0.025083333333333346,0.00841666666666669,-0.010250000000000002
-0.017166666666666677,-0.01566666666666667,-0.00399999999999999,-0.012166666666666666
0.013166666666666688,-0.030833333333333338,-0.01866666666666669,-0.012666666666666658
-0.021916666666666675,-0.033083333333333347,0.0050833333333333425,0.0009166666666666767
-0.019500000000000003,-0.020166666666666673,-0.008166666666666666,-0.001166666666666663
-0.019000000000000006,-0.020166666666666673,-0.002333333333333319,-0.007499999999999998
-0.02508333333333333,-0.026083333333333354,0.003250000000000006,-0.001083333333333325
-0.02558333333333334,-0.02758333333333335,0.0047500000000000086,-0.0005833333333333246
-0.016416666666666673,-0.026916666666666676,-0.003749999999999999,-0.0019166666666666568
-0.01750000000000001,-0.018333333333333337,-0.005333333333333329,-0.007833333333333331
0.6349166666666668,0.2559166666666668,0.024249999999999772,0.03591666666666654
-0.05916666666666671,0.014000000000000016,0.0010000000000000148,-0.004833333333333325
-0.022833333333333337,-0.025166666666666674,-0.0008333333333333327,-0.00016666666666665525
-0.02208333333333334,-0.024250000000000018,0.004416666666666687,-0.007083333333333331
0.45850000000000035,0.3108333333333333,0.035499999999999754,0.1461666666666666
-0.016250000000000004,-0.020083333333333345,-0.01008333333333333,-0.0025833333333333264
-0.018000000000000006,-0.01633333333333334,-0.00833333333333333,-0.00633333333333333
-0.011166666666666667,-0.021166666666666674,-0.006499999999999992,-0.010166666666666668
-0.024666666666666674,-0.025666666666666685,0.00350000000000001,-0.002166666666666657
-0.02958333333333336,0.008083333333333345,-0.02791666666666667,0.00041666666666668323
-0.023000000000000013,-0.025500000000000002,-0.00033333333333333023,-0.00016666666666665525
-0.016166666666666666,-0.01683333333333334,-0.008833333333333334,-0.007166666666666668
-0.011749999999999997,-0.014750000000000006,-0.011416666666666669,-0.011083333333333334
-0.01866666666666667,-0.01900000000000001,-0.0034999999999999892,-0.007833333333333328
-0.02408333333333334,-0.009083333333333332,-0.00825,-0.007583333333333331
-0.030333333333333358,-0.02116666666666667,-0.0036666666666666575,0.006166666666666688
-0.03725000000000002,0.0005833333333333392,-0.012083333333333337,-0.00024999999999998634
-0.028416666666666673,0.0027500000000000163,-0.007416666666666666,-0.015916666666666673
0.008833333333333346,-0.03600000000000001,-0.021666666666666678,-0.0001666666666666622
-0.024916666666666674,-0.019416666666666672,-0.0037499999999999955,-0.0009166666666666559
-0.010833333333333334,-0.022500000000000006,-0.004166666666666659,-0.011500000000000002
-0.030500000000000017,-0.019833333333333345,0.0051666666666666874,-0.0038333333333333275
0.1665833333333335,-0.2122500000000002,-0.008249999999999988,0.004916666666666673
-0.008333333333333321,-0.053166666666666695,0.006000000000000005,0.006500000000000008
-0.09716666666666672,0.026166666666666692,0.005833333333333357,0.01616666666666668
-0.018916666666666672,-0.022583333333333337,-0.005749999999999998,-0.0017499999999999946
0.001166666666666677,-0.04483333333333336,0.0068333333333333475,-0.012166666666666671
0.004500000000000018,-0.027166666666666686,-0.01,-0.01633333333333333
-0.03066666666666668,-0.0011666666666666561,-0.006833333333333326,-0.01033333333333334
-0.016166666666666666,-0.01683333333333334,-0.008833333333333334,-0.007166666666666668
-0.022416666666666665,-0.023583333333333345,-0.0027499999999999977,-0.0002499999999999933
-0.03333333333333335,-0.0016666666666666566,-0.008000000000000005,-0.0059999999999999915
-0.021416666666666678,-0.03375000000000001,0.004750000000000015,0.0014166666666666633
-0.02791666666666668,-0.017583333333333336,-0.0030833333333333277,-0.0004166666666666624
-0.007916666666666667,-0.025916666666666678,-0.013083333333333332,-0.002083333333333326
-0.016166666666666666,-0.01683333333333334,-0.008833333333333334,-0.007166666666666668
-0.09666666666666673,0.0251666666666667,0.011166666666666686,0.01133333333333335
-0.03841666666666669,0.007750000000000021,-0.010749999999999994,-0.007583333333333336
-0.04141666666666669,-0.011083333333333344,0.0039166666666666785,-0.00041666666666664853
-0.021250000000000015,-0.022083333333333344,-0.0052499999999999925,-0.00041666666666664853
-0.020083333333333345,-0.014916666666666665,-0.003416666666666651,-0.010583333333333337
-0.02925000000000002,-0.003583333333333329,-0.014249999999999999,-0.0019166666666666568
-0.021333333333333346,-0.01550000000000001,-0.00333333333333332,-0.008833333333333325
-0.010666666666666668,-0.020833333333333332,-0.009833333333333336,-0.007666666666666669
-0.03091666666666668,-0.011250000000000001,-0.005750000000000003,-0.001083333333333318
-0.010999999999999996,-0.015666666666666672,-0.008999999999999994,-0.013333333333333336
-0.02516666666666667,-0.026166666666666682,0.003166666666666678,-0.0008333333333333248
-0.013916666666666666,-0.03058333333333335,-0.002249999999999995,-0.002249999999999989
-0.0017499999999999903,-0.04175000000000002,-0.004249999999999994,-0.0012499999999999942
-0.01766666666666667,-0.025666666666666678,0.0006666666666666765,-0.0063333333333333314
-0.23441666666666686,0.1664166666666668,-0.022583333333333316,0.041583333333333375
-0.04008333333333335,0.004250000000000011,-0.013083333333333336,-8.333333333332416e-05
-0.06275000000000006,0.01075000000000002,-0.002083333333333312,0.005083333333333345
-0.01925000000000001,-0.017916666666666674,-0.010083333333333333,-0.0017499999999999877
-0.019833333333333338,-0.01266666666666667,-0.00633333333333333,-0.010166666666666664
-0.02016666666666667,-0.020500000000000008,-0.002166666666666657,-0.0061666666666666675
-0.09308333333333338,0.02208333333333335,-0.0012499999999999942,0.02325000000000002
-0.02925000000000002,-0.011250000000000003,-0.004083333333333321,-0.004416666666666661
-0.022500000000000013,-0.010500000000000002,-0.004499999999999983,-0.0115
0.001166666666666677,-0.03500000000000001,0.0018333333333333376,-0.017000000000000008
-0.03333333333333335,-0.01850000000000001,-0.0033333333333333296,0.006166666666666681
-0.04191666666666668,-0.0012500000000000011,0.014750000000000015,-0.02058333333333334
-0.02533333333333335,-0.02833333333333334,0.005166666666666677,-0.0004999999999999866
-8.333333333331722e-05,-0.05175000000000003,0.0019166666666666735,0.0009166666666666771
-0.03583333333333334,-0.018333333333333347,0.009500000000000017,-0.004333333333333328
-0.019500000000000014,-0.02033333333333334,-0.00483333333333333,-0.004333333333333321
-0.03225000000000002,-0.0037499999999999895,-0.005416666666666662,-0.007583333333333332
-0.0049999999999999975,-0.04116666666666669,-0.010333333333333333,0.0075000000000000205
-0.009,-0.02616666666666668,-0.010333333333333332,-0.0034999999999999892
-0.02100000000000002,-0.016166666666666666,-0.005666666666666653,-0.006166666666666664
-0.02625000000000001,-0.02758333333333335,0.006416666666666678,-0.0015833333333333255
0.01375000000000002,-0.057083333333333375,-0.00825,0.002583333333333354
-0.018666666666666665,-0.04316666666666668,-0.0061666666666666675,0.01900000000000001
-0.0016666666666666496,-0.042833333333333355,-0.009333333333333336,0.004833333333333346
-0.025000000000000005,-0.0018333333333333257,-0.008166666666666662,-0.01400000000000001
-0.02241666666666668,-0.023416666666666672,-0.0002499999999999933,-0.0029166666666666603
-0.013166666666666674,-0.03633333333333335,0.006833333333333351,-0.0063333333333333314
-0.019166666666666676,-0.020166666666666673,-0.0028333333333333266,-0.006833333333333329
0.27958333333333346,0.48691666666666683,0.13824999999999987,0.04624999999999979
-0.02433333333333334,-0.0095,-0.01616666666666667,0.0010000000000000078
-0.03091666666666668,-0.011250000000000001,-0.005750000000000003,-0.001083333333333318
-0.015499999999999998,-0.025000000000000015,-0.006833333333333333,-0.0016666666666666566
-0.017166666666666677,-0.023500000000000007,0.0020000000000000157,-0.010333333333333332
-0.03433333333333334,-0.009166666666666668,-0.0018333333333333257,-0.0036666666666666636
-0.021916666666666664,-0.022916666666666682,-0.0015833333333333255,-0.002583333333333329
-0.022083333333333337,-0.023083333333333345,-8.333333333332416e-05,-0.0037499999999999942
-0.01991666666666668,-0.020750000000000005,-0.005416666666666662,-0.0029166666666666577
0.007916666666666676,-0.0509166666666667,-0.008083333333333331,0.0020833333333333537
-0.02,-0.021000000000000005,0.0005000000000000074,-0.008500000000000002
-0.03150000000000003,0.00950000000000003,-0.019166666666666672,-0.007833333333333331
-0.033750000000000016,0.02325000000000002,-0.019916666666666673,-0.018583333333333337
0.012000000000000018,0.04233333333333337,-0.05933333333333336,-0.044000000000000025
-0.011583333333333338,-0.03591666666666668,-0.0019166666666666637,0.0004166666666666763
-0.024916666666666663,-0.01841666666666669,-0.0034166666666666603,-0.002249999999999995
0.1197500000000001,-0.030916666666666672,-0.12708333333333344,-0.010749999999999996
-0.018750000000000006,-0.01941666666666667,-0.00925,-0.0015833333333333255
0.24875000000000003,0.5775833333333336,0.05441666666666645,0.07024999999999988
0.006500000000000014,-0.034833333333333355,0.0006666666666666834,-0.02133333333333334
-0.021833333333333343,-0.022833333333333337,-0.0016666666666666566,-0.0026666666666666644
-0.0641666666666667,0.003833333333333344,0.014666666666666685,-0.003333333333333327
0.10425000000000009,-0.15258333333333346,-0.008083333333333324,0.0074166666666666894
-0.02025000000000001,-0.028083333333333346,0.0027500000000000094,-0.0034166666666666555
-0.008166666666666666,-0.06616666666666672,0.004666666666666694,0.020666666666666698
-0.020000000000000004,-0.02100000000000001,0.00033333333333335213,-0.008333333333333337
-0.011416666666666669,-0.01858333333333334,-0.010416666666666666,-0.008583333333333325
-0.017916666666666668,-0.018583333333333337,-0.008416666666666664,-0.004083333333333335
-0.007166666666666667,-0.02683333333333334,-0.0125,-0.0024999999999999883
0.022333333333333358,-0.08266666666666672,0.005500000000000019,0.005833333333333347
0.024916666666666698,-0.07308333333333338,-0.004583333333333334,0.0037500000000000103
-0.03591666666666669,-0.01258333333333333,-0.00908333333333333,0.008583333333333346
-0.02258333333333334,-0.02358333333333335,-0.0017499999999999927,-0.001083333333333318
-0.01858333333333334,-0.022750000000000013,-0.005749999999999995,-0.0019166666666666499
-0.03891666666666668,-0.011416666666666674,-0.004583333333333331,0.005916666666666681
0.0005833333333333454,-0.026583333333333348,-0.009416666666666663,-0.013583333333333334
-0.0028333333333333283,-0.05083333333333336,0.0033333333333333453,0.0013333333333333391
0.23775000000000004,0.5757500000000001,0.14758333333333332,-0.010083333333333444
-0.024250000000000008,-0.00975,-0.008083333333333333,-0.006916666666666661
-0.011583333333333333,-0.023083333333333348,-0.007583333333333327,-0.006749999999999992
-0.055750000000000015,0.1117500000000001,0.02191666666666671,-0.1269166666666668
-0.016916666666666674,-0.02325000000000001,-0.007416666666666663,-0.0014166666666666564
-0.017000000000000005,-0.028666666666666688,-0.0029999999999999923,-0.0003333333333333244
-0.017916666666666668,-0.018583333333333337,-0.009083333333333334,-0.003416666666666665
0.012333333333333349,-0.030166666666666675,-0.021833333333333343,-0.009333333333333336
-0.014166666666666675,-0.018000000000000002,-0.008499999999999997,-0.008333333333333331
-0.0029999999999999957,-0.013833333333333342,-0.01633333333333333,-0.015833333333333335
-0.029916666666666668,0.0050833333333333425,-0.007416666666666666,-0.01675000000000001
-0.04291666666666671,0.006916666666666696,-0.0074166666666666626,-0.005583333333333327
-0.039916666666666684,-0.015250000000000003,0.0042500000000000124,0.0019166666666666707
-0.023083333333333334,-0.009916666666666673,-0.004416666666666659,-0.011583333333333338
-0.015666666666666672,-0.01616666666666667,-0.0049999999999999975,-0.012166666666666666
-0.021500000000000002,-0.04250000000000003,0.015000000000000027,0.0
-0.020000000000000014,-0.02150000000000001,-0.005499999999999993,-0.001999999999999988
-0.07175000000000004,0.22191666666666687,-0.1699166666666668,-0.02925000000000004
-0.02025000000000001,-0.021250000000000005,-0.001083333333333318,-0.006416666666666666
-0.01841666666666667,-0.01908333333333334,-0.00541666666666666,-0.006083333333333331
0.014166666666666683,-0.06033333333333338,-0.004833333333333323,0.0020000000000000157
0.01075000000000002,-0.05475000000000004,0.0014166666666666772,-0.006416666666666657
-0.022166666666666678,-0.03600000000000002,0.004333333333333349,0.004833333333333349
-0.016166666666666666,-0.01683333333333334,-0.008833333333333334,-0.007166666666666668
-0.022333333333333347,-0.020166666666666673,-0.003333333333333325,-0.003166666666666651
-0.04608333333333337,-0.007416666666666667,0.006250000000000022,-0.0017499999999999807
-0.017333333333333333,-0.017500000000000005,-0.0059999999999999915,-0.00816666666666667
-0.021250000000000005,-0.01258333333333334,-0.014083333333333335,-0.001083333333333318
-0.034916666666666686,0.006083333333333343,-0.012916666666666668,-0.0072499999999999926
-0.014500000000000004,-0.013666666666666666,-0.006166666666666654,-0.014666666666666675
-0.023083333333333338,-0.02408333333333335,0.0007500000000000145,-0.0025833333333333264
-0.028666666666666667,-0.018500000000000003,-0.0010000000000000026,-0.0008333333333333318
-0.017250000000000012,-0.015250000000000005,-0.005749999999999991,-0.010749999999999994
-0.018833333333333348,-0.019666666666666676,-0.005833333333333326,-0.004666666666666652
-0.02216666666666667,-0.02250000000000001,-0.001999999999999995,-0.002333333333333327
-0.03908333333333335,-0.0014166666666666633,-0.006750000000000002,-0.001749999999999989
-0.01708333333333334,-0.027916666666666676,0.0007500000000000076,-0.004749999999999996
-0.007416666666666673,-0.03341666666666668,-0.008916666666666663,0.0007500000000000145
0.22608333333333347,0.5320833333333335,0.08374999999999999,0.10908333333333313
-0.023083333333333345,-0.02541666666666668,-0.0002499999999999794,-0.0002499999999999911
-0.03683333333333335,-0.015000000000000005,0.006000000000000012,-0.003166666666666656
-0.02691666666666668,-0.02925000000000001,0.002416666666666671,0.004750000000000014
-0.027500000000000017,-0.029833333333333354,0.003333333333333355,0.005000000000000016
-0.020750000000000005,-0.021750000000000016,0.00041666666666669017,-0.006916666666666665
-0.01166666666666667,-0.023999999999999997,-0.0036666666666666653,-0.009666666666666672
-0.012083333333333342,-0.031083333333333355,0.0032500000000000237,-0.009083333333333327
0.0029166666666666794,-0.050083333333333376,-0.0005833333333333177,-0.001249999999999989
-0.011333333333333334,-0.024333333333333335,-0.0006666666666666626,-0.012666666666666673
-0.030166666666666675,-0.029333333333333354,0.009500000000000017,0.0010000000000000078
0.2225000000000001,0.5678333333333336,0.08533333333333326,0.07533333333333292
0.014333333333333365,-0.02716666666666668,-0.01966666666666668,-0.016500000000000004
0.3810833333333335,0.37141666666666673,0.05324999999999991,0.1452499999999999
-0.018666666666666675,-0.015333333333333334,-0.022500000000000013,0.0075000000000000205
-0.014500000000000006,-0.024000000000000007,0.00016666666666667607,-0.010666666666666666
0.6651666666666669,0.23999999999999994,0.016666666666666496,0.029166666666666605
-0.01958333333333334,-0.022416666666666675,-0.0029166666666666577,-0.004083333333333328
-0.021750000000000002,-0.02275000000000001,-0.0019166666666666637,-0.0025833333333333264
-0.02225000000000001,-0.01641666666666668,-0.005583333333333325,-0.00474999999999999
-0.04000000000000002,-0.009166666666666663,-0.005333333333333335,0.005500000000000019
-0.019583333333333335,-0.015250000000000008,-0.01025,-0.003916666666666659
-0.08891666666666671,0.08391666666666672,0.054250000000000034,-0.09825000000000006
-0.002249999999999981,-0.023750000000000007,-0.020250000000000018,-0.002749999999999993
0.009583333333333346,-0.03625000000000001,-0.0005833333333333315,-0.021750000000000005
-0.024166666666666673,-0.018833333333333344,-0.0034999999999999936,-0.0024999999999999883
-0.02066666666666667,0.0073333333333333445,-0.01816666666666668,-0.017499999999999998
-0.017000000000000008,-0.017666666666666678,-0.008833333333333328,-0.005499999999999991
-0.015083333333333337,-0.03558333333333335,0.0019166666666666757,-0.0002499999999999933
-0.021666666666666667,-0.022666666666666675,-0.004666666666666659,0.0
0.5409166666666669,0.3199166666666666,0.0632499999999999,0.026916666666666478
-0.013666666666666678,-0.025666666666666674,-0.007833333333333331,-0.0018333333333333188
-0.029500000000000012,-0.01883333333333334,0.004500000000000018,-0.0051666666666666675
-0.020166666666666676,-0.024000000000000007,-0.005333333333333329,0.0005000000000000143
-0.02366666666666668,-0.014833333333333342,-0.008999999999999994,-0.0014999999999999875
-0.05583333333333337,0.01333333333333335,-0.007333333333333333,0.0008333333333333456
-0.036833333333333364,-0.015333333333333326,-0.0028333333333333266,0.006000000000000012
-0.007833333333333331,-0.030000000000000016,0.0008333333333333456,-0.012
-0.01875,-0.017083333333333336,-0.008583333333333333,-0.004583333333333335
-0.016333333333333335,-0.017,-0.008333333333333331,-0.007333333333333331
-0.02250000000000001,-0.03666666666666668,0.005166666666666674,0.005000000000000011
-0.011416666666666669,-0.01858333333333334,-0.010416666666666666,-0.008583333333333325
-0.02966666666666668,0.001166666666666677,-0.012000000000000005,-0.00849999999999999
-0.010416666666666661,-0.015250000000000008,-0.008916666666666656,-0.014416666666666673
-0.01333333333333334,-0.026333333333333344,-0.003166666666666658,-0.006166666666666663
0.006666666666666682,-0.03166666666666669,-0.006666666666666662,-0.017333333333333333
-0.01891666666666667,-0.01975000000000001,-0.008916666666666666,-0.0014166666666666494
-0.01950000000000001,-0.026500000000000006,-0.002999999999999989,0.0
0.030083333333333368,-0.08325000000000006,0.020916666666666688,-0.016749999999999994
0.009333333333333351,-0.03900000000000002,-0.0008333333333333179,-0.018500000000000016
-0.015833333333333338,-0.03066666666666668,0.004333333333333342,-0.006833333333333333
-0.028000000000000018,-0.023166666666666665,0.0050000000000000044,-0.0028333333333333296
-0.016166666666666666,-0.01683333333333334,-0.008833333333333334,-0.007166666666666668
0.08216666666666676,0.07400000000000008,-0.26533333333333364,0.060166666666666785
0.16308333333333352,-0.19341666666666685,-0.005416666666666681,-0.013250000000000001
-0.08491666666666674,0.04508333333333338,-0.0019166666666666499,-0.0072499999999999926
-0.006750000000000001,-0.05025000000000003,0.005750000000000016,0.002250000000000009
-0.019416666666666672,-0.01941666666666667,-0.007583333333333336,-0.0025833333333333194
-0.0001666666666666622,-0.02616666666666667,-0.009333333333333329,-0.013333333333333341
-0.02358333333333333,-0.019250000000000017,-0.011249999999999996,0.0050833333333333425
-0.02125,-0.022083333333333344,-0.004916666666666669,-0.0007499999999999868
-0.11375000000000007,0.05225000000000004,0.029583333333333364,-0.017083333333333332
-0.029083333333333343,-0.014916666666666675,-0.0034166666666666603,-0.0015833333333333255
-0.042666666666666686,0.03416666666666669,-0.013999999999999999,-0.026500000000000013
-0.010833333333333335,-0.022333333333333347,-0.011499999999999998,-0.004333333333333321
-0.017499999999999995,-0.013166666666666672,-0.009833333333333336,-0.008499999999999994
-0.02658333333333334,-0.02891666666666669,0.0015833333333333532,0.004916666666666681
0.002500000000000016,-0.045000000000000026,-0.0049999999999999975,-0.0014999999999999976
-0.037500000000000026,0.007500000000000014,-0.008666666666666665,-0.01033333333333333
-0.019,-0.013500000000000007,-0.0024999999999999953,-0.014000000000000005
-0.025416666666666674,-0.018750000000000017,-0.0025833333333333216,-0.002249999999999995
-0.022416666666666675,-0.024750000000000005,-0.0014166666666666624,-0.0004166666666666624
-0.016166666666666666,-0.01683333333333334,-0.008833333333333334,-0.007166666666666668
-0.02741666666666668,-0.02208333333333334,0.003583333333333341,-0.003083333333333329
-0.03058333333333335,-0.010750000000000003,-0.006083333333333331,-0.0015833333333333185
-0.016166666666666666,-0.01683333333333334,-0.008833333333333334,-0.007166666666666668
-0.056416666666666705,-0.0007499999999999868,0.005750000000000017,0.0024166666666666746
0.35900000000000015,0.3534999999999999,0.034166666666666456,0.20433333333333337
-0.02133333333333335,-0.024500000000000004,0.0016666666666666774,-0.00483333333333333
-0.025000000000000005,-0.01966666666666668,0.002166666666666678,-0.006499999999999995
-0.02158333333333334,-0.015916666666666676,-0.0009166666666666559,-0.010583333333333328
-0.0009166666666666565,-0.04691666666666669,-0.0009166666666666627,-0.0002499999999999933
0.6365000000000003,0.15100000000000008,0.03566666666666651,0.1278333333333331
-0.05308333333333337,0.007583333333333349,0.003583333333333341,-0.0070833333333333234
-0.018833333333333344,-0.019500000000000007,-0.008833333333333328,-0.0018333333333333257
-0.018500000000000006,-0.019166666666666672,-0.007999999999999997,-0.003333333333333327
-0.024750000000000005,-0.021750000000000012,0.001083333333333339,-0.003583333333333327
-0.01008333333333333,-0.03125000000000003,-0.008749999999999992,0.0010833333333333528
-0.01483333333333334,-0.04000000000000002,0.005000000000000011,0.0008333333333333456
-0.018333333333333347,-0.025000000000000005,-0.011166666666666663,0.005500000000000012
-0.00991666666666667,-0.029583333333333347,-0.00808333333333333,-0.0014166666666666494
-0.0075833333333333326,-0.024416666666666673,-0.004583333333333328,-0.01241666666666667
-0.009749999999999995,-0.02175000000000001,-0.006916666666666661,-0.010583333333333335
-0.026166666666666668,-0.021833333333333343,0.0016666666666666774,-0.0026666666666666644
-0.0015833333333333185,-0.018750000000000013,-0.010249999999999993,-0.018416666666666675
0.05841666666666672,-0.012750000000000011,-0.019083333333333338,-0.07558333333333338
-0.0235,-0.02450000000000002,0.0010000000000000078,-0.0019999999999999944
-0.022000000000000013,-0.03066666666666668,0.005000000000000013,-0.0013333333333333183
0.3072500000000002,0.24475000000000002,0.22174999999999986,0.1772499999999998
-0.01925000000000001,-0.01991666666666668,-0.008749999999999996,-0.001083333333333318
-0.048250000000000036,0.015916666666666687,-0.01025,-0.006416666666666654
-0.01983333333333333,-0.02933333333333336,0.0020000000000000157,-0.0018333333333333222
-0.02408333333333333,-0.011916666666666673,-0.004249999999999997,-0.008749999999999999
-0.02883333333333335,-0.013500000000000002,-0.0016666666666666635,-0.004999999999999994
-0.016333333333333335,-0.02066666666666667,-0.005333333333333329,-0.006666666666666666
-0.02191666666666668,-0.013916666666666666,-0.006583333333333327,-0.006583333333333323
-0.015000000000000003,-0.014333333333333337,-0.0105,-0.009166666666666663
0.010583333333333347,-0.03475000000000001,-0.015583333333333336,-0.009250000000000003
-0.016250000000000004,-0.03258333333333336,-0.0049166666666666525,0.004750000000000018
-0.009916666666666655,-0.020916666666666684,-0.015416666666666676,-0.0027499999999999886
-0.02341666666666667,-0.025416666666666688,0.005083333333333349,-0.0052499999999999995
0.026416666666666692,-0.10558333333333342,0.0009166666666666975,0.02925000000000003
-0.002666666666666659,-0.040500000000000015,-0.004500000000000001,-0.0013333333333333253
-0.010833333333333335,-0.02700000000000001,0.0018333333333333396,-0.013000000000000001
-0.007416666666666669,-0.02191666666666667,-0.009083333333333336,-0.010583333333333333
0.01691666666666669,-0.07791666666666673,-0.007916666666666655,0.01991666666666669
-0.011333333333333332,-0.02566666666666669,-0.011833333333333331,-0.0001666666666666483
-0.012833333333333337,-0.01883333333333334,-0.014166666666666671,-0.003166666666666651
-0.03183333333333335,-0.02200000000000001,-0.00399999999999999,0.008833333333333346
0.13433333333333347,-0.10433333333333342,-0.009333333333333346,-0.06966666666666671
0.018083333333333354,-0.07658333333333339,-0.0059166666666666465,0.015416666666666684
-0.01108333333333333,-0.05058333333333337,-0.0049166666666666525,0.01758333333333335
-0.014333333333333333,-0.027166666666666676,-0.005499999999999999,-0.001999999999999995
-0.04575000000000003,0.012416666666666682,-0.01658333333333333,0.0009166666666666698
-0.009249999999999991,-0.035083333333333355,-0.004250000000000001,-0.00041666666666664853
-0.01775000000000001,-0.017750000000000005,-0.005583333333333322,-0.007916666666666664
-0.022500000000000006,-0.001999999999999993,-0.0011666666666666561,-0.023333333333333345
-0.015500000000000003,-0.03466666666666669,0.003666666666666679,-0.0024999999999999875
-0.023750000000000007,-0.024750000000000015,0.002416666666666685,-0.0029166666666666638
-0.031583333333333345,0.00025000000000000716,-0.011250000000000005,-0.006416666666666661
-0.034416666666666686,-0.002749999999999995,0.0040833333333333485,-0.015916666666666673
-0.013250000000000003,-0.03891666666666668,0.003750000000000011,-0.0005833333333333246
-0.01075,-0.02108333333333334,-0.006916666666666661,-0.01025
-0.023583333333333338,-0.02208333333333334,-0.0014166666666666633,-0.0019166666666666672
-0.008916666666666666,-0.03725000000000002,0.006083333333333357,-0.008916666666666666
0.003583333333333355,-0.02408333333333335,-0.007416666666666653,-0.02108333333333335
-0.022333333333333354,-0.023166666666666665,-0.001999999999999991,-0.0014999999999999944
-0.027666666666666683,-0.02850000000000001,0.004833333333333344,0.002333333333333354
-0.020999999999999998,-0.013666666666666672,-0.0036666666666666584,-0.01066666666666667
0.013500000000000014,-0.050000000000000024,-0.01516666666666667,0.0026666666666666783
-0.009999999999999997,-0.024000000000000007,-0.012500000000000002,-0.0024999999999999953
-0.018333333333333337,-0.01833333333333334,0.0008333333333333456,-0.013166666666666665
-0.024583333333333346,-0.030083333333333347,0.005083333333333345,0.0005833333333333524
-0.0446666666666667,-0.0004999999999999866,-0.004999999999999989,0.0011666666666666776
-0.022833333333333348,-0.010333333333333332,-0.004333333333333321,-0.0115
-0.016250000000000004,-0.012416666666666666,-0.010416666666666666,-0.009916666666666664
-0.019333333333333348,-0.029833333333333347,0.002500000000000016,-0.0023333333333333257
-0.016916666666666674,-0.027750000000000014,0.007083333333333351,-0.011416666666666667
-0.039750000000000035,-0.0012499999999999872,-0.001249999999999989,-0.006749999999999995
-0.014749999999999997,-0.05008333333333337,0.004583333333333356,0.011250000000000012
-0.029333333333333343,0.004333333333333349,-0.007333333333333337,-0.01666666666666667
-0.00566666666666666,-0.02483333333333335,-0.010833333333333334,-0.007666666666666662
-0.029000000000000015,-0.008666666666666665,-0.006833333333333329,-0.00449999999999999
-0.01808333333333334,-0.018750000000000006,-0.005583333333333329,-0.00658333333333333
-0.017916666666666664,-0.018416666666666675,-0.007916666666666669,-0.00474999999999999
-0.11650000000000008,0.06366666666666672,0.001166666666666677,0.00266666666666668
-0.029833333333333354,0.010000000000000016,-0.009166666666666668,-0.019999999999999993
-0.021000000000000005,-0.015000000000000013,0.0008333333333333456,-0.013833333333333331
-0.021500000000000005,-0.022666666666666686,-0.00466666666666666,-0.00016666666666665525
-0.024583333333333346,-0.010249999999999999,-0.005416666666666667,-0.008749999999999997
0.045666666666666696,-0.04416666666666669,-0.021166666666666674,-0.02933333333333334
-0.01883333333333334,-0.02433333333333335,-0.003666666666666661,-0.002166666666666657
-0.0175,-0.011666666666666665,-0.014000000000000004,-0.005833333333333329
-0.05250000000000004,-0.0066666666666666645,0.010333333333333349,-0.0001666666666666483
-0.02400000000000001,-0.02633333333333334,0.001333333333333353,0.0
-0.013916666666666671,-0.018416666666666668,-0.003249999999999989,-0.013416666666666672
0.0035833333333333433,-0.030750000000000006,-0.0015833333333333255,-0.02025000000000001
-0.026666666666666682,-0.018500000000000006,0.0005000000000000143,-0.004333333333333327
-0.019500000000000003,-0.020166666666666673,-0.008166666666666666,-0.001166666666666663
-0.02066666666666668,-0.021500000000000005,-0.004333333333333327,-0.0024999999999999883
0.07691666666666663,0.6920833333333336,0.060249999999999804,0.12174999999999987
-0.01758333333333335,-0.024750000000000005,-0.006583333333333327,-8.333333333331722e-05
-0.004916666666666662,-0.031083333333333334,-0.00041666666666666935,-0.012583333333333342
-0.013166666666666677,-0.029166666666666684,-0.003166666666666651,-0.00349999999999999
-0.02216666666666667,-0.024666666666666674,-0.0013333333333333305,-0.0008333333333333248
0.07666666666666673,-0.12216666666666677,-0.011999999999999993,0.008500000000000035
-0.030833333333333348,-0.008666666666666668,-0.002166666666666664,-0.007333333333333325
-0.02241666666666667,-0.01641666666666667,-0.006916666666666665,-0.003249999999999989
-0.0008333333333333179,-0.021000000000000005,-0.02050000000000001,-0.006666666666666665
-0.016833333333333336,-0.02300000000000001,0.0,-0.009166666666666656
-0.015083333333333341,-0.01725,-0.009083333333333332,-0.007583333333333331
-0.02408333333333334,-0.026416666666666668,0.0007499999999999996,0.0007500000000000007
-0.023583333333333338,-0.016916666666666677,-0.006583333333333333,-0.0019166666666666499
-0.05133333333333337,-0.005666666666666661,0.007666666666666688,0.00033333333333333826
-0.031250000000000014,-0.02075000000000001,0.004083333333333347,-0.001083333333333325
-0.023166666666666676,-0.024166666666666684,-0.0004999999999999866,-0.0011666666666666594
-0.02391666666666668,-0.018083333333333344,-0.0024166666666666572,-0.004583333333333323
-0.03650000000000002,-0.0016666666666666566,-0.007666666666666668,-0.003166666666666659
-0.005583333333333331,-0.028416666666666673,-0.0004166666666666624,-0.014583333333333335
-0.021666666666666674,-0.01566666666666667,-0.000999999999999987,-0.010666666666666672
-0.02033333333333333,-0.025666666666666678,-0.002999999999999989,0.0
-0.00691666666666666,-0.02658333333333334,-0.0035833333333333273,-0.011916666666666674
-0.022416666666666675,-0.024916666666666674,-0.0014166666666666624,-0.00024999999999998634
-0.019750000000000007,-0.037750000000000034,0.008416666666666687,8.333333333335191e-05
0.3780833333333336,0.44175000000000003,0.029249999999999665,0.1019166666666666
0.015750000000000028,-0.07841666666666675,0.009250000000000019,0.004416666666666694
-0.03191666666666668,0.019083333333333355,-0.01825000000000001,-0.017916666666666668
-0.015500000000000003,-0.035833333333333356,0.003666666666666681,-0.0013333333333333253
-0.018750000000000003,-0.02125000000000001,8.333333333333803e-05,-0.00908333333333333
-0.061583333333333386,0.031583333333333366,-0.013249999999999996,-0.005749999999999984
0.6082500000000004,0.25458333333333344,0.028583333333333072,0.059583333333333086
-0.002916666666666658,-0.06625000000000004,0.018583333333333358,0.0015833333333333463
-0.0165,-0.01716666666666667,-0.007833333333333331,-0.0075
-0.011249999999999996,-0.034750000000000024,0.004750000000000018,-0.0077499999999999965
0.0718333333333334,-0.1485000000000001,0.02250000000000004,0.00516666666666666
-0.017166666666666663,-0.018000000000000016,-0.005833333333333322,-0.007999999999999998
-0.009166666666666667,-0.02483333333333334,-0.00816666666666667,-0.00683333333333333
-0.01891666666666667,-0.01975000000000001,-0.003249999999999989,-0.007083333333333331
-0.004583333333333328,-0.034750000000000024,-0.0027499999999999886,-0.006916666666666661
-0.01900000000000002,-0.02033333333333333,0.001333333333333346,-0.010999999999999998
-0.02166666666666667,-0.02283333333333334,-0.00449999999999999,0.0
-0.022166666666666675,-0.023333333333333338,-0.003999999999999995,0.0005000000000000074
0.13166666666666643,0.5181666666666669,0.18450000000000008,0.11666666666666659
-0.019750000000000018,-0.01608333333333333,-0.004416666666666652,-0.008749999999999997
-0.014916666666666672,-0.025250000000000015,-0.001083333333333325,-0.007749999999999995
-0.020916666666666674,-0.026416666666666682,8.333333333334497e-05,-0.0017499999999999974
-0.031000000000000007,-0.020166666666666676,0.003000000000000008,-0.0008333333333333318
-0.02150000000000001,-0.03333333333333336,0.004500000000000016,0.001333333333333353
-0.005083333333333328,-0.03458333333333335,-0.004916666666666664,-0.004416666666666659
-0.01675,-0.015083333333333336,-0.009416666666666667,-0.007749999999999993
0.05808333333333339,-0.021916666666666668,-0.07075000000000006,-0.014416666666666661
-0.017583333333333336,-0.018250000000000006,-0.00908333333333333,-0.004083333333333328
0.6507500000000003,0.2465833333333332,0.0317499999999999,0.021916666666666473
-0.018083333333333344,-0.018916666666666672,-0.005416666666666653,-0.006583333333333328
-0.01866666666666667,-0.019333333333333338,-0.008166666666666664,-0.0028333333333333335
-0.009249999999999994,-0.019750000000000007,-0.010583333333333333,-0.009416666666666663
-0.022000000000000006,-0.02300000000000001,-0.0076666666666666645,0.0036666666666666722
-0.009666666666666672,-0.026666666666666675,0.0020000000000000157,-0.014666666666666668
-0.01191666666666667,-0.033416666666666685,-0.0024166666666666603,-0.0012499999999999942
-0.04200000000000003,-0.012666666666666666,0.006000000000000017,-0.0003333333333333244
-0.020166666666666683,-0.01616666666666667,-0.006666666666666656,-0.0059999999999999915
-0.020999999999999998,-0.007833333333333331,-0.0071666666666666615,-0.01300000000000001
-0.019333333333333334,-0.020333333333333342,-0.000999999999999987,-0.008333333333333337
-0.020500000000000004,-0.021500000000000016,0.0016666666666666913,-0.008666666666666666
-0.019666666666666662,-0.01466666666666667,-0.010500000000000008,-0.004166666666666659
-0.08433333333333341,0.03766666666666671,0.009500000000000036,-0.011833333333333335
-0.019750000000000014,-0.024916666666666674,-0.002249999999999989,-0.002083333333333326
0.2695833333333335,0.5937500000000001,0.046249999999999916,0.041416666666666435
-0.026000000000000002,-0.007666666666666667,-0.010500000000000004,-0.004833333333333328
-0.01016666666666666,-0.03116666666666669,-0.012333333333333339,0.00466666666666668
-0.08925000000000005,0.0459166666666667,-0.00658333333333333,0.0009166666666666767
-0.022250000000000006,-0.00891666666666667,-0.014916666666666674,-0.0029166666666666508
-0.023833333333333335,-0.02483333333333336,0.0010000000000000148,-0.001333333333333328
-0.024749999999999998,-0.02575000000000002,0.002250000000000008,-0.0007499999999999937
-0.019500000000000003,-0.023333333333333345,-0.005166666666666665,-0.000999999999999987
0.6695000000000003,0.21683333333333324,0.026666666666666394,0.03800000000000002
-0.013833333333333336,-0.019833333333333338,-0.0014999999999999875,-0.013833333333333335
-0.022416666666666685,-0.02325,-0.0030833333333333277,-0.00024999999999998634
-0.09483333333333341,0.029333333333333367,0.014833333333333362,0.0016666666666666774
-0.04250000000000002,0.0006666666666666765,-0.012666666666666673,0.005500000000000012
-0.019500000000000007,-0.01950000000000001,-0.008499999999999997,-0.0014999999999999875
-0.023333333333333338,-0.024333333333333346,-0.0003333333333333244,-0.0009999999999999955
-0.020833333333333343,-0.02166666666666668,-0.005499999999999993,-0.000999999999999987
-0.05283333333333337,0.031500000000000035,-0.013833333333333335,-0.01383333333333333
-0.02108333333333334,-0.015250000000000001,-0.010750000000000004,-0.0019166666666666568
-0.017416666666666667,-0.018916666666666672,-0.008750000000000003,-0.003916666666666659
-0.05958333333333335,0.03275000000000002,0.0014166666666666702,-0.02358333333333334
-0.02475,-0.01991666666666668,0.002250000000000016,-0.006583333333333333
-0.031500000000000014,-0.011166666666666674,0.0041666666666666935,-0.010500000000000006
-0.024333333333333335,-0.018500000000000013,0.00016666666666667607,-0.006333333333333329
-0.08216666666666671,0.07416666666666671,-0.06316666666666669,0.02216666666666668
0.01808333333333335,-0.07058333333333337,-0.002083333333333326,0.005583333333333346
-0.009666666666666665,-0.01916666666666667,-0.010666666666666668,-0.009500000000000001
-0.01958333333333334,-0.020416666666666684,-0.00791666666666666,-0.001083333333333318
-0.006666666666666661,-0.02116666666666668,-0.011166666666666667,-0.009999999999999997
-0.045500000000000033,0.016500000000000018,-0.019666666666666666,-0.0003333333333333105
-0.0018333333333333257,-0.031166666666666672,-0.0036666666666666653,-0.012333333333333337
-0.013666666666666669,-0.02216666666666667,-0.011166666666666663,-0.001999999999999995
0.002333333333333347,-0.04150000000000002,-0.0049999999999999975,-0.004833333333333327
-0.015166666666666669,-0.014000000000000004,-0.010499999999999997,-0.009333333333333332
-0.038416666666666696,-0.009916666666666666,0.0052500000000000255,-0.005916666666666668
-0.015416666666666676,-0.02025,-0.0035833333333333273,-0.009749999999999998
0.26733333333333337,0.21483333333333324,0.25833333333333347,0.2104999999999999
-0.016166666666666666,-0.01683333333333334,-0.008833333333333334,-0.007166666666666668
-0.009416666666666665,-0.04525000000000003,0.006416666666666682,-0.0007499999999999868
-0.017333333333333336,-0.018166666666666675,-0.00566666666666666,-0.007833333333333331
-0.012333333333333339,-0.023166666666666683,-0.007166666666666661,-0.006333333333333323
-0.02758333333333335,0.013750000000000026,-0.01191666666666666,-0.023250000000000014
-0.04258333333333336,-0.012583333333333334,0.006916666666666683,-0.0007499999999999868
-0.0205,-0.02150000000000001,-0.007499999999999998,0.0005000000000000074
-0.018750000000000013,-0.024250000000000004,-0.005916666666666665,-8.333333333331722e-05
-0.02208333333333334,-0.0544166666666667,0.008750000000000015,0.018750000000000024
-0.01158333333333333,-0.037416666666666695,-0.002249999999999995,0.002250000000000016
0.01775000000000002,-0.06358333333333338,-0.004583333333333331,0.001416666666666691
-0.023250000000000017,-0.024250000000000015,-0.0007499999999999868,-0.00074999999999999
-0.014500000000000008,-0.022666666666666672,-0.009999999999999997,-0.0018333333333333257
-0.028833333333333343,-0.019333333333333338,-0.0001666666666666622,-0.0006666666666666628
-0.02241666666666667,-0.014750000000000008,-0.0009166666666666559,-0.010916666666666665
-0.018000000000000006,-0.018833333333333344,-0.005666666666666653,-0.006499999999999995
-0.01808333333333334,-0.01891666666666668,-0.0035833333333333203,-0.008416666666666664
-0.014500000000000008,-0.028000000000000004,-0.013666666666666667,0.007166666666666675
-0.030833333333333345,0.006166666666666681,-0.005833333333333333,-0.01850000000000001
-0.06033333333333335,0.0038333333333333405,0.005666666666666676,0.0018333333333333326
-0.016166666666666663,-0.02966666666666669,0.0038333333333333483,-0.006999999999999999
-0.013666666666666672,-0.01616666666666667,-0.007499999999999993,-0.011666666666666665
-0.03433333333333335,-0.020500000000000004,-0.0001666666666666622,0.006000000000000009
-0.006916666666666661,-0.029083333333333357,-0.012416666666666668,-0.0005833333333333177
-0.008249999999999999,-0.03375000000000001,0.0009166666666666767,-0.007916666666666669
-0.028000000000000018,0.0051666666666666874,-0.010833333333333332,-0.01533333333333334
-0.02066666666666667,-0.011333333333333334,-0.00683333333333333,-0.010166666666666673
-0.02141666666666668,-0.022250000000000006,-0.005083333333333329,-0.00024999999999998634
-0.013166666666666672,-0.025666666666666678,-0.004166666666666652,-0.005999999999999995
-0.04225000000000002,-0.012250000000000002,0.005416666666666679,8.333333333333803e-05
-0.02091666666666667,-0.018916666666666675,-0.007083333333333334,-0.002083333333333326
-0.01766666666666667,-0.015166666666666669,-0.004166666666666659,-0.012000000000000002
-0.04258333333333335,0.009916666666666678,-0.01641666666666667,8.333333333333803e-05
-0.013750000000000007,-0.01941666666666667,-0.004083333333333321,-0.011750000000000002
-0.010333333333333332,-0.017500000000000005,-0.007666666666666662,-0.013500000000000005
-0.02100000000000001,-0.0115,-0.006499999999999985,-0.01
0.13749999999999996,0.48083333333333356,0.12233333333333307,0.21033333333333332
0.017250000000000015,-0.06175000000000004,0.0002500000000000141,-0.004749999999999991
-0.019750000000000004,-0.02108333333333334,-0.005416666666666663,-0.0027499999999999886
-0.015583333333333341,-0.018416666666666675,-0.010916666666666663,-0.004083333333333321
-0.004166666666666665,-0.03050000000000002,-0.013833333333333324,-0.0004999999999999935
-0.01841666666666667,-0.01908333333333334,-0.00541666666666666,-0.006083333333333331
-0.019166666666666683,-0.010499999999999995,-0.013666666666666669,-0.005666666666666653
-0.04533333333333336,-0.001999999999999995,0.0075000000000000145,-0.009166666666666663
-0.015500000000000003,-0.019,0.0,-0.014499999999999999
-0.023000000000000003,-0.017000000000000008,-0.0013333333333333322,-0.0076666666666666645
-0.01866666666666667,-0.025000000000000012,0.003333333333333355,-0.008666666666666666
-0.05825000000000005,0.017083333333333357,-0.009249999999999996,0.001416666666666691
0.2208333333333333,0.26483333333333337,0.2935000000000001,0.17183333333333317
-0.015083333333333341,-0.01725,-0.009083333333333332,-0.007583333333333331
-0.01591666666666667,-0.019916666666666676,-0.009416666666666663,-0.0037499999999999964
-0.018166666666666675,-0.018833333333333344,-0.005499999999999991,-0.006499999999999995
-0.01808333333333334,-0.01891666666666668,-0.0035833333333333203,-0.008416666666666664
-0.02450000000000001,0.015500000000000028,-0.020500000000000015,-0.019500000000000003
-0.22133333333333352,0.13733333333333345,0.016666666666666705,0.018333333333333375
-0.021000000000000008,-0.022000000000000002,-0.001999999999999995,-0.003999999999999995
-0.023916666666666676,-0.02708333333333335,0.0037500000000000168,-0.0017499999999999877
-0.02916666666666669,-0.027333333333333338,0.004166666666666679,0.003333333333333348
0.06316666666666672,-0.027499999999999997,-0.0028333333333333266,-0.0818333333333334
-0.019750000000000014,-0.021750000000000002,-0.0070833333333333295,-0.00041666666666665547
-0.02341666666666668,-0.024416666666666673,-0.0049166666666666595,0.0037500000000000103
-0.03316666666666669,0.004666666666666687,-0.004833333333333334,-0.01566666666666666
-0.06750000000000006,0.1160000000000001,-0.04850000000000002,-0.04900000000000002
-0.03891666666666668,-0.01308333333333334,0.002916666666666679,8.333333333333803e-05
-0.010666666666666666,0.008500000000000014,-0.02366666666666668,-0.023166666666666672
0.011916666666666683,-0.056750000000000037,-0.005249999999999994,0.001083333333333339
-0.02025000000000001,-0.02308333333333334,0.0009166666666666767,-0.006583333333333327
-0.0017499999999999946,-0.037916666666666675,-0.0032500000000000007,-0.006083333333333332
-0.08791666666666673,0.02625000000000003,-0.006749999999999992,0.019416666666666686
-0.023250000000000017,-0.02558333333333335,-8.333333333331028e-05,-8.333333333332123e-05
-0.015083333333333341,-0.02658333333333334,-0.011916666666666667,0.004583333333333349
0.05941666666666672,-0.0050833333333333355,-0.09658333333333338,-0.006750000000000003
-0.022666666666666672,-0.016833333333333343,0.001333333333333346,-0.010833333333333335
-0.016416666666666673,-0.016583333333333342,-0.009583333333333327,-0.006416666666666661
0.0070833333333333495,-0.0534166666666667,-0.003583333333333327,0.0009166666666666767
-0.04125000000000003,0.010083333333333354,0.004583333333333349,-0.02241666666666668
-0.029416666666666678,0.009083333333333346,-0.02075000000000002,-0.007916666666666657
-0.02,-0.021000000000000005,0.0005000000000000074,-0.008500000000000002
-0.024083333333333345,-0.0062499999999999925,-0.012583333333333339,-0.0060833333333333295
-0.020083333333333335,-0.02325000000000001,-0.005583333333333332,-8.333333333332416e-05
0.0023333333333333413,-0.0506666666666667,-0.001999999999999991,0.001333333333333346
